/*
Navicat MySQL Data Transfer

Source Server         : 本地库
Source Server Version : 50716
Source Host           : localhost:3306
Source Database       : netjob

Target Server Type    : MYSQL
Target Server Version : 50716
File Encoding         : 65001

Date: 2019-03-24 05:25:04
*/

SET FOREIGN_KEY_CHECKS=0;

-- ----------------------------
-- Table structure for t_access
-- ----------------------------
DROP TABLE IF EXISTS `t_access`;
CREATE TABLE `t_access` (
  `pk_id` varchar(255) NOT NULL,
  `c_name` varchar(255) NOT NULL,
  `c_appId` varchar(255) NOT NULL,
  `c_secretKey` varchar(255) NOT NULL,
  `c_type` varchar(5) NOT NULL,
  `c_createBy` varchar(255) NOT NULL,
  `c_createDate` datetime NOT NULL,
  `c_updateBy` varchar(255) NOT NULL,
  `c_updateDate` datetime NOT NULL,
  PRIMARY KEY (`pk_id`)
) ENGINE=InnoDB DEFAULT CHARSET=utf8;

-- ----------------------------
-- Records of t_access
-- ----------------------------
INSERT INTO `t_access` VALUES ('CB40B87F95F4470396E78651AB253AAC', '微信公众号', 'netjob_AFEDLOAKDOQKDOW', 'ADFJQODKO230RGOAADWI29SKOOWKASOO', 'wx', 'CB40B87F95F4470396E78651AB253AAD', '2018-05-15 14:43:56', 'CB40B87F95F4470396E78651AB253AAD', '2018-05-15 14:43:59');
INSERT INTO `t_access` VALUES ('CB40B87F95F4470396E78651AB253AAD', '网约APP', 'netjob_ADKXIEKDAIQ13848SSADX', 'AADFZFDD567TH7U5T3TERF3', 'app', 'CB40B87F95F4470396E78651AB253AAD', '2018-05-11 13:45:49', 'CB40B87F95F4470396E78651AB253AAD', '2018-05-11 13:45:53');
INSERT INTO `t_access` VALUES ('CB40B87F95F4470396E78651AB253AAE', '七牛OSS', 'qa0Htpv-EsRocry1a9j2XZwejzhz-bx1B2JwzTYZ', 'EnATOSotbxbCXgKni8clcEV1mdvl7kpTVy1xoq4O', 'qiniu', 'CB40B87F95F4470396E78651AB253AAD', '2018-05-17 14:56:53', 'CB40B87F95F4470396E78651AB253AAD', '2018-05-17 14:56:44');

-- ----------------------------
-- Table structure for t_account
-- ----------------------------
DROP TABLE IF EXISTS `t_account`;
CREATE TABLE `t_account` (
  `pk_id` varchar(32) NOT NULL,
  `c_memberId` varchar(32) NOT NULL,
  `c_money` decimal(10,0) NOT NULL DEFAULT '0',
  `c_password` varchar(255) DEFAULT NULL,
  `c_status` tinyint(1) NOT NULL DEFAULT '1',
  `c_createBy` varchar(255) NOT NULL,
  `c_updateBy` varchar(255) NOT NULL,
  `c_updateDate` datetime NOT NULL,
  `c_createDate` datetime NOT NULL,
  PRIMARY KEY (`pk_id`)
) ENGINE=InnoDB DEFAULT CHARSET=utf8;

-- ----------------------------
-- Records of t_account
-- ----------------------------
INSERT INTO `t_account` VALUES ('107689B78AEC4D0B857F241E22E424DE', '95CE1893139A42989F485C6EAEF6B62C', '900', '123456', '1', '95CE1893139A42989F485C6EAEF6B62C', '95CE1893139A42989F485C6EAEF6B62C', '2019-03-24 02:10:23', '2019-03-24 02:05:34');
INSERT INTO `t_account` VALUES ('D0065BAE0557424AA4086713EE260198', '705F2CBCD9434B38B6DC84B7C228FAC5', '100', null, '1', '705F2CBCD9434B38B6DC84B7C228FAC5', '705F2CBCD9434B38B6DC84B7C228FAC5', '2019-03-24 02:10:39', '2019-03-18 00:14:01');

-- ----------------------------
-- Table structure for t_accountcenter
-- ----------------------------
DROP TABLE IF EXISTS `t_accountcenter`;
CREATE TABLE `t_accountcenter` (
  `pk_id` varchar(32) NOT NULL,
  `c_money` decimal(10,0) NOT NULL DEFAULT '0',
  `c_tip` decimal(10,0) DEFAULT NULL,
  `c_orderId` varchar(255) NOT NULL,
  `c_tradeNo` varchar(255) NOT NULL,
  `c_sellerId` varchar(32) NOT NULL,
  `c_buyerId` varchar(32) NOT NULL,
  `c_status` tinyint(1) NOT NULL DEFAULT '1',
  `c_createBy` varchar(255) NOT NULL,
  `c_updateBy` varchar(255) NOT NULL,
  `c_updateDate` datetime NOT NULL,
  `c_createDate` datetime NOT NULL,
  PRIMARY KEY (`pk_id`)
) ENGINE=InnoDB DEFAULT CHARSET=utf8;

-- ----------------------------
-- Records of t_accountcenter
-- ----------------------------

-- ----------------------------
-- Table structure for t_accountcoin
-- ----------------------------
DROP TABLE IF EXISTS `t_accountcoin`;
CREATE TABLE `t_accountcoin` (
  `pk_id` varchar(32) NOT NULL DEFAULT '',
  `c_memberId` varchar(32) NOT NULL,
  `c_num` bigint(20) NOT NULL DEFAULT '0',
  `c_status` tinyint(1) NOT NULL DEFAULT '1',
  `c_createBy` varchar(255) NOT NULL,
  `c_updateBy` varchar(255) NOT NULL,
  `c_updateDate` datetime NOT NULL,
  `c_createDate` datetime NOT NULL,
  PRIMARY KEY (`pk_id`)
) ENGINE=InnoDB DEFAULT CHARSET=utf8;

-- ----------------------------
-- Records of t_accountcoin
-- ----------------------------
INSERT INTO `t_accountcoin` VALUES ('B4E38B78C57946C692CA354ECBC3D4C1', '705F2CBCD9434B38B6DC84B7C228FAC5', '1000', '1', '705F2CBCD9434B38B6DC84B7C228FAC5', '705F2CBCD9434B38B6DC84B7C228FAC5', '2019-03-18 01:01:28', '2019-03-18 00:22:37');
INSERT INTO `t_accountcoin` VALUES ('E591889C4A3E498F978FEDCE99904075', '95CE1893139A42989F485C6EAEF6B62C', '1000', '1', '95CE1893139A42989F485C6EAEF6B62C', '95CE1893139A42989F485C6EAEF6B62C', '2019-03-18 01:01:31', '2019-03-18 01:01:31');

-- ----------------------------
-- Table structure for t_active
-- ----------------------------
DROP TABLE IF EXISTS `t_active`;
CREATE TABLE `t_active` (
  `pk_id` varchar(255) NOT NULL,
  `c_memberId` varchar(255) NOT NULL,
  `c_agrees` int(11) NOT NULL DEFAULT '0',
  `c_comments` int(11) NOT NULL DEFAULT '0',
  `c_links` text,
  `c_title` varchar(255) NOT NULL,
  `c_createBy` varchar(255) NOT NULL,
  `c_updateBy` varchar(255) NOT NULL,
  `c_createDate` datetime NOT NULL,
  `c_updateDate` datetime NOT NULL,
  PRIMARY KEY (`pk_id`)
) ENGINE=InnoDB DEFAULT CHARSET=utf8;

-- ----------------------------
-- Records of t_active
-- ----------------------------
INSERT INTO `t_active` VALUES ('6215B544A0C14720A92E10679DA85AE0', '705F2CBCD9434B38B6DC84B7C228FAC5', '0', '0', '[\"https://image.youlian365.com/95CE1893139A42989F485C6EAEF6B62C_20180920011030493.jpg\"]', '我发布动态咯。。', '705F2CBCD9434B38B6DC84B7C228FAC5', '705F2CBCD9434B38B6DC84B7C228FAC5', '2018-10-28 19:45:34', '2018-10-28 19:45:34');

-- ----------------------------
-- Table structure for t_address
-- ----------------------------
DROP TABLE IF EXISTS `t_address`;
CREATE TABLE `t_address` (
  `pk_id` varchar(255) NOT NULL,
  `c_memberId` varchar(255) NOT NULL,
  `c_province` varchar(255) NOT NULL,
  `c_province_name` varchar(255) DEFAULT NULL,
  `c_citycode` varchar(255) NOT NULL,
  `c_city_name` varchar(255) DEFAULT NULL,
  `c_area` varchar(255) NOT NULL,
  `c_detail_address` varchar(255) NOT NULL,
  `c_receiver` varchar(255) NOT NULL,
  `c_phone` varchar(255) NOT NULL,
  `c_isDefault` tinyint(1) NOT NULL DEFAULT '0',
  `c_isDel` tinyint(1) NOT NULL DEFAULT '0',
  `c_createDate` datetime NOT NULL,
  `c_createBy` varchar(255) NOT NULL,
  `c_updateDate` datetime NOT NULL,
  `c_updateBy` varchar(255) NOT NULL,
  PRIMARY KEY (`pk_id`)
) ENGINE=InnoDB DEFAULT CHARSET=utf8;

-- ----------------------------
-- Records of t_address
-- ----------------------------
INSERT INTO `t_address` VALUES ('41C0A39B3C8F4F89B003A86FE4DD2887', '95CE1893139A42989F485C6EAEF6B62C', '1111', '广东省', '1111', '深圳市', '福田区', '彩田路国际村', '李晓勇', '18576630486', '0', '0', '2018-08-28 00:19:22', '95CE1893139A42989F485C6EAEF6B62C', '2018-08-28 00:19:22', '95CE1893139A42989F485C6EAEF6B62C');
INSERT INTO `t_address` VALUES ('5848EFEA5F5041879C597AF505F808CC', 'AD2EBD754CCF4EBA8AAF3C407FA2EA2E', '440000', '广东省', '440300', '深圳市', '南山区', '怡化', '邓邓邓', '13049862397', '0', '0', '2018-09-28 00:32:59', 'AD2EBD754CCF4EBA8AAF3C407FA2EA2E', '2018-10-26 02:21:19', 'AD2EBD754CCF4EBA8AAF3C407FA2EA2E');
INSERT INTO `t_address` VALUES ('66336A70C9E44C658C2511DB60B56562', '705F2CBCD9434B38B6DC84B7C228FAC5', '440000', '广东省', '0755', '深圳', '福田区', '国际村', '李逍遥', '18576630486', '0', '0', '2018-10-26 02:21:19', '705F2CBCD9434B38B6DC84B7C228FAC5', '2018-10-26 02:21:32', '705F2CBCD9434B38B6DC84B7C228FAC5');
INSERT INTO `t_address` VALUES ('9D71853A37354BD0A807318FE10FBEA8', 'AD2EBD754CCF4EBA8AAF3C407FA2EA2E', '440000', '广东省', '440300', '深圳市', '南山区', '怡化大厦', '邓立兵', '13049862397', '0', '0', '2018-09-28 00:57:58', 'AD2EBD754CCF4EBA8AAF3C407FA2EA2E', '2018-09-29 21:31:16', 'AD2EBD754CCF4EBA8AAF3C407FA2EA2E');
INSERT INTO `t_address` VALUES ('E4A0FC008AA24304B76EE69DF5DFB8AC', '705F2CBCD9434B38B6DC84B7C228FAC5', '440000', '广东省', '0755', '深圳', '福田区', '国际村', '李逍遥', '18576630486', '1', '0', '2018-10-26 02:21:32', '705F2CBCD9434B38B6DC84B7C228FAC5', '2018-10-26 02:21:32', '705F2CBCD9434B38B6DC84B7C228FAC5');
INSERT INTO `t_address` VALUES ('EED4323B3DC04B50A1A60EA243788B66', 'AD2EBD754CCF4EBA8AAF3C407FA2EA2E', '440000', '广东省', '440500', '汕头市', '南澳县', '不知道怎么办的人', '阿兵', '13049862399', '0', '0', '2018-09-28 00:55:24', 'AD2EBD754CCF4EBA8AAF3C407FA2EA2E', '2018-09-29 21:31:18', 'AD2EBD754CCF4EBA8AAF3C407FA2EA2E');

-- ----------------------------
-- Table structure for t_agree
-- ----------------------------
DROP TABLE IF EXISTS `t_agree`;
CREATE TABLE `t_agree` (
  `pk_id` varchar(255) NOT NULL,
  `c_memberId` varchar(255) NOT NULL,
  `c_type` tinyint(1) NOT NULL,
  `c_agreeId` varchar(255) NOT NULL,
  `c_createBy` varchar(255) NOT NULL,
  `c_createDate` datetime NOT NULL,
  `c_updateDate` datetime DEFAULT NULL,
  `c_updateBy` varchar(255) NOT NULL,
  PRIMARY KEY (`pk_id`)
) ENGINE=InnoDB DEFAULT CHARSET=utf8;

-- ----------------------------
-- Records of t_agree
-- ----------------------------
INSERT INTO `t_agree` VALUES ('5CF72CF297B64FF58756E90AC7776ECB', '705F2CBCD9434B38B6DC84B7C228FAC5', '1', '76EDD0A34FE346C79FCEC1F6B88FB846', '705F2CBCD9434B38B6DC84B7C228FAC5', '2018-10-26 02:19:00', '2018-10-26 02:19:00', '705F2CBCD9434B38B6DC84B7C228FAC5');

-- ----------------------------
-- Table structure for t_auth
-- ----------------------------
DROP TABLE IF EXISTS `t_auth`;
CREATE TABLE `t_auth` (
  `pk_id` varchar(255) NOT NULL,
  `c_name` varchar(255) NOT NULL,
  `c_userId` varchar(255) NOT NULL,
  `c_userName` varchar(255) NOT NULL,
  `c_bizId` varchar(255) NOT NULL,
  `c_status` tinyint(1) NOT NULL,
  `c_citycode` varchar(255) NOT NULL,
  `c_content` text NOT NULL,
  `c_type` tinyint(1) NOT NULL,
  `c_createBy` varchar(255) NOT NULL,
  `c_createDate` datetime NOT NULL,
  `c_updateBy` varchar(255) NOT NULL,
  `c_updateDate` datetime NOT NULL,
  PRIMARY KEY (`pk_id`)
) ENGINE=InnoDB DEFAULT CHARSET=utf8;

-- ----------------------------
-- Records of t_auth
-- ----------------------------
INSERT INTO `t_auth` VALUES ('4792680ECE9042798C8E84CBB18255B9', '大勇改名咯', '705F2CBCD9434B38B6DC84B7C228FAC5', '李小勇', '1F10AB2082FC415BB93261AD23D96C84', '2', '0755', '后台自动认证通过', '4', '705F2CBCD9434B38B6DC84B7C228FAC5', '2018-11-12 00:39:47', '705F2CBCD9434B38B6DC84B7C228FAC5', '2018-11-12 00:39:47');
INSERT INTO `t_auth` VALUES ('61711DBCD5874E86A8E920480A37DBE6', '大勇改名咯', '705F2CBCD9434B38B6DC84B7C228FAC5', '李小勇', 'ED8E927FE3B64C47BC9A8382887B880F', '2', '0755', '后台自动认证通过', '4', '705F2CBCD9434B38B6DC84B7C228FAC5', '2018-11-12 00:45:27', '705F2CBCD9434B38B6DC84B7C228FAC5', '2018-11-12 00:45:27');
INSERT INTO `t_auth` VALUES ('B478AB904F454ED6A2655661626E0249', 'IT服务站', '00DBE73A79A74B4DAE47A7B8B444408B', 'yong', 'C0E6911997DA43F0B7A7E6D0C1A60657', '2', '1', '1111', '1', '00DBE73A79A74B4DAE47A7B8B444408B', '2018-11-05 00:44:01', '00DBE73A79A74B4DAE47A7B8B444408B', '2018-11-05 00:44:01');

-- ----------------------------
-- Table structure for t_auth_company
-- ----------------------------
DROP TABLE IF EXISTS `t_auth_company`;
CREATE TABLE `t_auth_company` (
  `pk_id` varchar(255) NOT NULL,
  `c_memberId` varchar(255) NOT NULL,
  `c_type` tinyint(1) NOT NULL,
  `c_links` varchar(255) NOT NULL,
  `c_code` varchar(255) DEFAULT NULL,
  `c_citycode` varchar(255) NOT NULL,
  `c_status` tinyint(1) NOT NULL DEFAULT '1',
  `c_realName` varchar(255) NOT NULL,
  `c_name` varchar(255) NOT NULL,
  `c_createBy` varchar(255) NOT NULL,
  `c_createDate` datetime NOT NULL,
  `c_updateBy` varchar(255) NOT NULL,
  `c_updateDate` datetime NOT NULL,
  PRIMARY KEY (`pk_id`)
) ENGINE=InnoDB DEFAULT CHARSET=utf8;

-- ----------------------------
-- Records of t_auth_company
-- ----------------------------

-- ----------------------------
-- Table structure for t_auth_person
-- ----------------------------
DROP TABLE IF EXISTS `t_auth_person`;
CREATE TABLE `t_auth_person` (
  `pk_id` varchar(255) NOT NULL,
  `c_memberId` varchar(255) NOT NULL,
  `c_code` varchar(255) NOT NULL,
  `c_links` varchar(500) NOT NULL,
  `c_isPublic` tinyint(1) NOT NULL,
  `c_citycode` varchar(255) NOT NULL,
  `c_type` tinyint(1) NOT NULL DEFAULT '1',
  `c_status` tinyint(1) NOT NULL DEFAULT '1',
  `c_realName` varchar(255) NOT NULL,
  `c_name` varchar(255) NOT NULL,
  `c_createDate` datetime NOT NULL,
  `c_createBy` varchar(255) NOT NULL,
  `c_updateDate` datetime NOT NULL,
  `c_updateBy` varchar(255) NOT NULL,
  PRIMARY KEY (`pk_id`)
) ENGINE=InnoDB DEFAULT CHARSET=utf8;

-- ----------------------------
-- Records of t_auth_person
-- ----------------------------
INSERT INTO `t_auth_person` VALUES ('ED8E927FE3B64C47BC9A8382887B880F', '705F2CBCD9434B38B6DC84B7C228FAC5', '430822199004060450', '[\"http://wy-168.cn/netjob/file/banner/20181111/REwb1541946825395.jpg\"]', '0', '0755', '1', '2', '李小勇', '身份证', '2018-11-12 00:45:43', '705F2CBCD9434B38B6DC84B7C228FAC5', '2018-11-12 00:45:43', '705F2CBCD9434B38B6DC84B7C228FAC5');

-- ----------------------------
-- Table structure for t_banner
-- ----------------------------
DROP TABLE IF EXISTS `t_banner`;
CREATE TABLE `t_banner` (
  `pk_id` varchar(255) NOT NULL,
  `c_name` varchar(255) NOT NULL,
  `c_type` varchar(255) NOT NULL,
  `c_link` varchar(255) DEFAULT NULL,
  `c_image` varchar(255) DEFAULT NULL,
  `c_sort` int(11) NOT NULL DEFAULT '0',
  `c_status` tinyint(4) NOT NULL DEFAULT '0' COMMENT '(0-屏蔽 1-激活)',
  `c_createDate` datetime NOT NULL,
  `c_createBy` varchar(255) NOT NULL,
  `c_updateDate` datetime NOT NULL,
  `c_updateBy` varchar(255) NOT NULL,
  `c_first_menu_id` varchar(255) DEFAULT NULL,
  `c_second_menu_id` varchar(255) DEFAULT NULL,
  `c_province` varchar(255) NOT NULL,
  `c_province_name` varchar(255) DEFAULT NULL,
  `c_citycode` varchar(255) DEFAULT NULL,
  `c_city_name` varchar(255) DEFAULT NULL,
  PRIMARY KEY (`pk_id`)
) ENGINE=InnoDB DEFAULT CHARSET=utf8;

-- ----------------------------
-- Records of t_banner
-- ----------------------------
INSERT INTO `t_banner` VALUES ('10244F4E1B4742B285E735D401D9B44D', 'adf', 'image', 'afda', 'file/banner/20181022/ZCSS1540139152320.jpg', '1111', '1', '2018-10-22 00:26:08', 'DEB5276AF9CA4DE19315A042B99AC8E0', '2018-10-22 00:26:08', 'DEB5276AF9CA4DE19315A042B99AC8E0', '1', null, '440000', '广东省', '0755', '深圳市');
INSERT INTO `t_banner` VALUES ('4E18B4FC3E6B4F0186180727C6564309', 'songsong', 'image', 'https://www.jianshu.com/p/eead6fe4d59f', 'file/banner/20180827/vvfm1535372442170.png', '1', '1', '2018-08-17 09:34:15', '00DBE73A79A74B4DAE47A7B8B444408B', '2018-08-27 20:20:50', '00DBE73A79A74B4DAE47A7B8B444408B', '66B07AEF06D44A6DBD40886E9C91E8B4', '6167ACA6D39C481A9121FE4F93EC8D76', '1', '全国', null, null);
INSERT INTO `t_banner` VALUES ('81575E1D064346D6B8787ABFBEA71AA4', '测试数据', 'video', 'https://www.apple.com/105/media/cn/mac/family/2018/46c4b917_abfd_45a3_9b51_4e3054191797/films/bruce/mac-bruce-tpl-cn-2018_1280x720h.mp4', 'http://118.89.230.154/netjob/file/banner/20180906/BZqH1536222260645.jpg', '2', '1', '2018-09-06 16:22:45', '00DBE73A79A74B4DAE47A7B8B444408B', '2018-09-06 16:24:27', '00DBE73A79A74B4DAE47A7B8B444408B', '1', null, '1', '全国', null, null);
INSERT INTO `t_banner` VALUES ('BF8B75991ECA4217BDFA0FC8DB8D628D', '测试', 'image', 'www.baidu.com', 'file/banner/20180827/wMrP1535372919029.jpeg', '1', '1', '2018-08-27 20:29:10', '00DBE73A79A74B4DAE47A7B8B444408B', '2018-08-27 20:29:10', '00DBE73A79A74B4DAE47A7B8B444408B', '1', null, '1', '全国', null, null);
INSERT INTO `t_banner` VALUES ('CBAFC00636254A1F9A318FDD6F94CC32', 'aa', 'image', 'a', 'http://118.89.230.154/netjob/http://118.89.230.154/netjob/file/banner/20181021/BBHo1540137507975.jpg', '111', '1', '2018-10-21 23:58:53', 'DEB5276AF9CA4DE19315A042B99AC8E0', '2018-10-22 00:27:29', 'DEB5276AF9CA4DE19315A042B99AC8E0', '1', null, '440000', '广东省', '0755', '深圳市');

-- ----------------------------
-- Table structure for t_brand
-- ----------------------------
DROP TABLE IF EXISTS `t_brand`;
CREATE TABLE `t_brand` (
  `pk_id` varchar(255) NOT NULL,
  `c_memberId` varchar(255) NOT NULL,
  `c_brandId` varchar(255) DEFAULT NULL,
  `c_title` varchar(255) NOT NULL,
  `c_type` tinyint(1) NOT NULL,
  `c_agrees` int(11) NOT NULL DEFAULT '0',
  `c_tips` int(11) NOT NULL DEFAULT '0',
  `c_authorId` varchar(255) DEFAULT NULL,
  `c_author` varchar(255) DEFAULT NULL,
  `c_links` text NOT NULL,
  `c_province_name` varchar(255) NOT NULL,
  `c_city_name` varchar(255) NOT NULL,
  `c_citycode` varchar(255) NOT NULL,
  `c_content` text,
  `c_status` tinyint(1) NOT NULL DEFAULT '1',
  `c_createDate` datetime NOT NULL,
  `c_updateDate` datetime NOT NULL,
  `c_createBy` varchar(255) NOT NULL,
  `c_updateBy` varchar(255) NOT NULL,
  PRIMARY KEY (`pk_id`)
) ENGINE=InnoDB DEFAULT CHARSET=utf8;

-- ----------------------------
-- Records of t_brand
-- ----------------------------
INSERT INTO `t_brand` VALUES ('038777C5974C47EAB543038FF591C03E', '705F2CBCD9434B38B6DC84B7C228FAC5', '0FD2FF3E357945E69FA08F21D6F34AE6', '二狗品牌', '2', '0', '0', '62DD7DCD88214825980543E35E548A7C', 'dylan', '[\'https://image.youlian365.com/95CE1893139A42989F485C6EAEF6B62C_20180920011030493.jpg\',\'https://image.youlian365.com/95CE1893139A42989F485C6EAEF6B62C_20180919002442228.mp4\']', '广东省', '深圳市', '0755', '品牌秀内容', '1', '2019-02-16 12:24:17', '2019-02-16 12:24:17', '705F2CBCD9434B38B6DC84B7C228FAC5', '705F2CBCD9434B38B6DC84B7C228FAC5');
INSERT INTO `t_brand` VALUES ('0FD2FF3E357945E69FA08F21D6F34AE6', '62DD7DCD88214825980543E35E548A7C', null, '二狗品牌', '2', '0', '0', null, '大勇', '[\'https://image.youlian365.com/95CE1893139A42989F485C6EAEF6B62C_20180920011030493.jpg\',\'https://image.youlian365.com/95CE1893139A42989F485C6EAEF6B62C_20180919002442228.mp4\']', '广东省', '深圳市', '0755', '品牌秀内容', '1', '2018-10-21 21:18:35', '2018-10-21 21:18:35', '62DD7DCD88214825980543E35E548A7C', '62DD7DCD88214825980543E35E548A7C');
INSERT INTO `t_brand` VALUES ('398652441EE04B359113E999B592EAB0', '705F2CBCD9434B38B6DC84B7C228FAC5', null, '个人品牌', '1', '0', '0', null, '大勇', '[\"https://image.youlian365.com/95CE1893139A42989F485C6EAEF6B62C_20180920011030493.jpg\"]', '广东省', '深圳市', '0755', '内容', '1', '2018-10-26 02:32:42', '2018-10-26 02:32:42', '705F2CBCD9434B38B6DC84B7C228FAC5', '705F2CBCD9434B38B6DC84B7C228FAC5');
INSERT INTO `t_brand` VALUES ('5B43609570B846899CC31675CC6D4A3D', '705F2CBCD9434B38B6DC84B7C228FAC5', null, '二狗品牌', '1', '0', '0', null, '大勇', '[\'https://image.youlian365.com/95CE1893139A42989F485C6EAEF6B62C_20180920011030493.jpg\']', '广东省', '深圳市', '0755', '品牌秀内容', '1', '2018-10-26 02:26:24', '2018-10-26 02:26:24', '705F2CBCD9434B38B6DC84B7C228FAC5', '705F2CBCD9434B38B6DC84B7C228FAC5');
INSERT INTO `t_brand` VALUES ('61C85C596A8A4F37AAA82B2E138A7D72', '705F2CBCD9434B38B6DC84B7C228FAC5', null, '二狗品牌2', '1', '0', '0', '705F2CBCD9434B38B6DC84B7C228FAC5', '大勇改名咯', '[\'https://image.youlian365.com/95CE1893139A42989F485C6EAEF6B62C_20180920011030493.jpg\']', '广东省', '深圳市', '0755', '品牌秀内容', '1', '2019-02-16 12:21:23', '2019-02-16 12:21:23', '705F2CBCD9434B38B6DC84B7C228FAC5', '705F2CBCD9434B38B6DC84B7C228FAC5');
INSERT INTO `t_brand` VALUES ('78CFE4D784F240D68076E38C7E2864B5', '705F2CBCD9434B38B6DC84B7C228FAC5', null, '二狗品牌', '1', '0', '0', null, '大勇', '[\'https://image.youlian365.com/95CE1893139A42989F485C6EAEF6B62C_20180920011030493.jpg\']', '广东省', '深圳市', '0755', '品牌秀内容', '1', '2018-10-26 02:25:50', '2018-10-26 02:25:50', '705F2CBCD9434B38B6DC84B7C228FAC5', '705F2CBCD9434B38B6DC84B7C228FAC5');
INSERT INTO `t_brand` VALUES ('DAD6F2DEA0D44034AD48198AE8EB1DAA', '705F2CBCD9434B38B6DC84B7C228FAC5', null, '二狗品牌', '1', '0', '0', null, '大勇', '[\'https://image.youlian365.com/95CE1893139A42989F485C6EAEF6B62C_20180920011030493.jpg\',\'https://image.youlian365.com/95CE1893139A42989F485C6EAEF6B62C_20180919002442228.mp4\']', '广东省', '深圳市', '0755', '品牌秀内容', '1', '2018-10-21 19:46:39', '2018-10-21 19:46:39', '705F2CBCD9434B38B6DC84B7C228FAC5', '705F2CBCD9434B38B6DC84B7C228FAC5');
INSERT INTO `t_brand` VALUES ('E48FE6BF3D8849C79342CA2CA73177BD', '705F2CBCD9434B38B6DC84B7C228FAC5', null, '二狗品牌', '1', '0', '0', null, '大勇', '[\'https://image.youlian365.com/95CE1893139A42989F485C6EAEF6B62C_20180920011030493.jpg\']', '广东省', '深圳市', '0755', '品牌秀内容', '1', '2018-10-26 02:27:36', '2018-10-26 02:27:36', '705F2CBCD9434B38B6DC84B7C228FAC5', '705F2CBCD9434B38B6DC84B7C228FAC5');

-- ----------------------------
-- Table structure for t_cashrecord
-- ----------------------------
DROP TABLE IF EXISTS `t_cashrecord`;
CREATE TABLE `t_cashrecord` (
  `pk_id` varchar(32) NOT NULL,
  `c_memberId` varchar(32) NOT NULL,
  `c_targetId` varchar(32) DEFAULT NULL,
  `c_targetName` varchar(255) DEFAULT NULL,
  `c_isIn` tinyint(1) NOT NULL,
  `c_income` decimal(10,0) DEFAULT NULL,
  `c_outcome` decimal(10,0) DEFAULT NULL,
  `c_tradeNo` varchar(32) NOT NULL,
  `c_orderId` varchar(32) NOT NULL,
  `c_recordType` tinyint(1) NOT NULL,
  `c_citycode` varchar(255) NOT NULL,
  `c_createBy` varchar(255) NOT NULL,
  `c_updateBy` varchar(255) NOT NULL,
  `c_createDate` datetime NOT NULL,
  `c_updateDate` datetime NOT NULL,
  PRIMARY KEY (`pk_id`)
) ENGINE=InnoDB DEFAULT CHARSET=utf8;

-- ----------------------------
-- Records of t_cashrecord
-- ----------------------------
INSERT INTO `t_cashrecord` VALUES ('05FC0FAF80F3485A93BF7801959C4648', '705F2CBCD9434B38B6DC84B7C228FAC5', null, null, '2', null, '100', '20190318155284072022430745028776', 'D0EEE9DF3C4D40C1BA7C1F72A017DC8D', '5', '0755', '705F2CBCD9434B38B6DC84B7C228FAC5', '705F2CBCD9434B38B6DC84B7C228FAC5', '2019-03-18 00:39:49', '2019-03-18 00:39:49');
INSERT INTO `t_cashrecord` VALUES ('3D6BD30228FA4BBE90A7912BAA1AA4E7', '95CE1893139A42989F485C6EAEF6B62C', '705F2CBCD9434B38B6DC84B7C228FAC5', '大勇改名咯', '2', null, '100', '20190321155310169703335748003271', 'AC48F28F2F10440DAED6B6F8B2218411', '2', '0755', '95CE1893139A42989F485C6EAEF6B62C', '95CE1893139A42989F485C6EAEF6B62C', '2019-03-24 02:10:01', '2019-03-24 02:10:01');
INSERT INTO `t_cashrecord` VALUES ('81A150C8EA3E4D4F90444493C5122878', '705F2CBCD9434B38B6DC84B7C228FAC5', '95CE1893139A42989F485C6EAEF6B62C', 'app works well ', '1', '100', null, '20190321155310169703335748003271', 'AC48F28F2F10440DAED6B6F8B2218411', '2', '0755', '705F2CBCD9434B38B6DC84B7C228FAC5', '705F2CBCD9434B38B6DC84B7C228FAC5', '2019-03-24 02:10:08', '2019-03-24 02:10:08');
INSERT INTO `t_cashrecord` VALUES ('955084028FA446F59186399F8B50C4AC', '95CE1893139A42989F485C6EAEF6B62C', '95CE1893139A42989F485C6EAEF6B62C', 'app works well ', '1', '1000', null, '20190324155336446249354613677485', 'EC7117738E1C4FE3BBA05C7EEA71801C', '1', '0755', '95CE1893139A42989F485C6EAEF6B62C', '95CE1893139A42989F485C6EAEF6B62C', '2019-03-24 02:08:42', '2019-03-24 02:08:42');
INSERT INTO `t_cashrecord` VALUES ('DAD7713257C345BFB6972614BC0918C3', '705F2CBCD9434B38B6DC84B7C228FAC5', '705F2CBCD9434B38B6DC84B7C228FAC5', '大勇改名咯', '1', '100', null, '20190318155283920737500976842937', '2022C2A7501C44EEAA57DF3FE90C6EBD', '1', '0755', '705F2CBCD9434B38B6DC84B7C228FAC5', '705F2CBCD9434B38B6DC84B7C228FAC5', '2019-03-18 00:14:08', '2019-03-18 00:14:08');

-- ----------------------------
-- Table structure for t_coinrecord
-- ----------------------------
DROP TABLE IF EXISTS `t_coinrecord`;
CREATE TABLE `t_coinrecord` (
  `pk_id` varchar(32) NOT NULL,
  `c_memberId` varchar(32) NOT NULL,
  `c_targetId` varchar(32) DEFAULT NULL,
  `c_targetName` varchar(255) DEFAULT NULL,
  `c_isIn` tinyint(1) NOT NULL,
  `c_income` double DEFAULT NULL,
  `c_outcome` double DEFAULT NULL,
  `c_orderId` varchar(32) NOT NULL,
  `c_tradeNo` varchar(32) NOT NULL,
  `c_recordType` tinyint(1) NOT NULL,
  `c_citycode` varchar(255) NOT NULL,
  `c_createBy` varchar(255) NOT NULL,
  `c_updateBy` varchar(255) NOT NULL,
  `c_createDate` datetime NOT NULL,
  `c_updateDate` datetime NOT NULL,
  PRIMARY KEY (`pk_id`)
) ENGINE=InnoDB DEFAULT CHARSET=utf8;

-- ----------------------------
-- Records of t_coinrecord
-- ----------------------------
INSERT INTO `t_coinrecord` VALUES ('B8EB908430C7468DA83E5F6716FB96B0', '705F2CBCD9434B38B6DC84B7C228FAC5', null, null, '1', '1000', '0', '4F49C22059844F76871FC442D36A8658', '20190318155283971813753291197781', '1', '0755', '705F2CBCD9434B38B6DC84B7C228FAC5', '705F2CBCD9434B38B6DC84B7C228FAC5', '2019-03-18 00:22:52', '2019-03-18 00:22:52');
INSERT INTO `t_coinrecord` VALUES ('DA690C65900C4CA18B64A18860FA1788', '705F2CBCD9434B38B6DC84B7C228FAC5', '705F2CBCD9434B38B6DC84B7C228FAC5', '大勇改名咯', '1', '1000', '0', 'D0EEE9DF3C4D40C1BA7C1F72A017DC8D', '20190318155284072022430745028776', '2', '0755', '705F2CBCD9434B38B6DC84B7C228FAC5', '705F2CBCD9434B38B6DC84B7C228FAC5', '2019-03-18 00:39:41', '2019-03-18 00:39:41');
INSERT INTO `t_coinrecord` VALUES ('E008112B38794F8C8AC499A930A137FD', '705F2CBCD9434B38B6DC84B7C228FAC5', '95CE1893139A42989F485C6EAEF6B62C', 'app works well ', '2', '0', '1000', '0707F57F6D1146799F92486DFD210FBC', '20190318155284205787358224487134', '3', '0755', '705F2CBCD9434B38B6DC84B7C228FAC5', '705F2CBCD9434B38B6DC84B7C228FAC5', '2019-03-18 01:01:39', '2019-03-18 01:01:39');
INSERT INTO `t_coinrecord` VALUES ('FC406C22266B4B0F869AFD7CDA3FB1C4', '95CE1893139A42989F485C6EAEF6B62C', '705F2CBCD9434B38B6DC84B7C228FAC5', '大勇改名咯', '1', '1000', '0', '0707F57F6D1146799F92486DFD210FBC', '20190318155284205787358224487134', '3', '0755', '95CE1893139A42989F485C6EAEF6B62C', '95CE1893139A42989F485C6EAEF6B62C', '2019-03-18 01:01:35', '2019-03-18 01:01:35');

-- ----------------------------
-- Table structure for t_collect
-- ----------------------------
DROP TABLE IF EXISTS `t_collect`;
CREATE TABLE `t_collect` (
  `pk_id` varchar(255) NOT NULL,
  `c_memberId` varchar(255) NOT NULL,
  `c_type` tinyint(1) NOT NULL,
  `c_bizId` varchar(255) NOT NULL,
  `c_createBy` varchar(255) NOT NULL,
  `c_createDate` datetime NOT NULL,
  `c_updateBy` varchar(255) NOT NULL,
  `c_updateDate` datetime NOT NULL,
  PRIMARY KEY (`pk_id`)
) ENGINE=InnoDB DEFAULT CHARSET=utf8;

-- ----------------------------
-- Records of t_collect
-- ----------------------------
INSERT INTO `t_collect` VALUES ('1F0F0017579E45CE9A920DA497128576', '705F2CBCD9434B38B6DC84B7C228FAC5', '1', '95CE1893139A42989F485C6EAEF6B62C', '705F2CBCD9434B38B6DC84B7C228FAC5', '2018-10-31 02:44:54', '705F2CBCD9434B38B6DC84B7C228FAC5', '2018-10-31 02:44:54');

-- ----------------------------
-- Table structure for t_comment
-- ----------------------------
DROP TABLE IF EXISTS `t_comment`;
CREATE TABLE `t_comment` (
  `pk_id` varchar(255) NOT NULL,
  `c_bizId` varchar(255) DEFAULT NULL,
  `c_memberId` varchar(255) NOT NULL,
  `c_content` text NOT NULL,
  `c_image` varchar(255) DEFAULT NULL,
  `c_parentId` varchar(255) DEFAULT NULL,
  `c_createBy` varchar(255) NOT NULL,
  `c_createDate` datetime NOT NULL,
  `c_updateDate` datetime NOT NULL,
  `c_updateBy` varchar(255) NOT NULL,
  PRIMARY KEY (`pk_id`)
) ENGINE=InnoDB DEFAULT CHARSET=utf8;

-- ----------------------------
-- Records of t_comment
-- ----------------------------
INSERT INTO `t_comment` VALUES ('BBA3BDC17C0242B79B545E96B8B0F7FD', '6215B544A0C14720A92E10679DA85AE0', '705F2CBCD9434B38B6DC84B7C228FAC5', '我又评论你了咯', null, null, '705F2CBCD9434B38B6DC84B7C228FAC5', '2018-10-28 20:07:02', '2018-10-28 20:07:02', '705F2CBCD9434B38B6DC84B7C228FAC5');
INSERT INTO `t_comment` VALUES ('C06926FAA26B41F694E22BDF6530253D', '6215B544A0C14720A92E10679DA85AE0', '705F2CBCD9434B38B6DC84B7C228FAC5', '我评论你了咯', null, null, '705F2CBCD9434B38B6DC84B7C228FAC5', '2018-10-28 19:56:22', '2018-10-28 19:56:22', '705F2CBCD9434B38B6DC84B7C228FAC5');
INSERT INTO `t_comment` VALUES ('CE4FEAEFA4FD481AB53594DA7D1C120E', null, '705F2CBCD9434B38B6DC84B7C228FAC5', '我回复评论咯', null, 'C06926FAA26B41F694E22BDF6530253D', '705F2CBCD9434B38B6DC84B7C228FAC5', '2018-10-28 20:00:39', '2018-10-28 20:00:39', '705F2CBCD9434B38B6DC84B7C228FAC5');

-- ----------------------------
-- Table structure for t_dict
-- ----------------------------
DROP TABLE IF EXISTS `t_dict`;
CREATE TABLE `t_dict` (
  `pk_id` varchar(255) NOT NULL,
  `c_name` varchar(255) NOT NULL,
  `c_type` varchar(255) DEFAULT NULL,
  `c_value` varchar(255) DEFAULT NULL,
  `c_parentId` varchar(255) DEFAULT NULL,
  `c_sort` int(11) NOT NULL,
  `c_createDate` datetime NOT NULL,
  `c_createBy` varchar(255) NOT NULL,
  `c_updateDate` datetime NOT NULL,
  `c_updateBy` varchar(255) NOT NULL,
  PRIMARY KEY (`pk_id`)
) ENGINE=InnoDB DEFAULT CHARSET=utf8;

-- ----------------------------
-- Records of t_dict
-- ----------------------------
INSERT INTO `t_dict` VALUES ('01A93175CCF3411EA37C39A9F00D0071', '不限', null, '', '3A8FA37B2B274850A6A19F7A74905515', '1', '2018-09-27 01:01:38', '00DBE73A79A74B4DAE47A7B8B444408B', '2018-09-27 01:06:26', '00DBE73A79A74B4DAE47A7B8B444408B');
INSERT INTO `t_dict` VALUES ('043598D3BFAE423A8B74BBE5F8D14988', '热播视频来源', 'dict.video.resource', '', null, '130', '2018-09-27 02:06:14', '00DBE73A79A74B4DAE47A7B8B444408B', '2018-09-27 02:06:14', '00DBE73A79A74B4DAE47A7B8B444408B');
INSERT INTO `t_dict` VALUES ('04B43EB861FB4441AF6586D054FCDB0E', '网币账户', null, '2', '3175F7B948344EF69106C5B06BF4E535', '20', '2018-09-27 02:10:15', '00DBE73A79A74B4DAE47A7B8B444408B', '2018-09-27 02:10:15', '00DBE73A79A74B4DAE47A7B8B444408B');
INSERT INTO `t_dict` VALUES ('0DC31CA9D9B840D1B0348885503A9CF1', '银行账户', null, '5', '6EC87661DEE64B53A00945DCBC761A9E', '50', '2018-09-27 02:11:49', '00DBE73A79A74B4DAE47A7B8B444408B', '2018-09-27 02:11:49', '00DBE73A79A74B4DAE47A7B8B444408B');
INSERT INTO `t_dict` VALUES ('1076CAAA6F194B92B77A479F03C4DF78', '服务方式', 'dict.serve.way', '', null, '100', '2018-09-27 02:03:15', '00DBE73A79A74B4DAE47A7B8B444408B', '2018-09-27 02:03:15', '00DBE73A79A74B4DAE47A7B8B444408B');
INSERT INTO `t_dict` VALUES ('11AC5AC6E63843B0AE155A51A01036CF', '微信注册', null, 'wx', '80A0B794C31D4FC1A8DE9E192298EFE0', '10', '2018-09-25 02:55:21', '00DBE73A79A74B4DAE47A7B8B444408B', '2018-09-25 02:55:21', '00DBE73A79A74B4DAE47A7B8B444408B');
INSERT INTO `t_dict` VALUES ('1890FCDF43BC44DAB010F2430ADD5B88', '微信', null, '3', '6EC87661DEE64B53A00945DCBC761A9E', '30', '2018-09-27 02:11:26', '00DBE73A79A74B4DAE47A7B8B444408B', '2018-09-27 02:11:26', '00DBE73A79A74B4DAE47A7B8B444408B');
INSERT INTO `t_dict` VALUES ('19932286C7A5497E948B434C3533D37D', '服务定价方式', 'dict.serve.price.way', '', null, '120', '2018-09-27 02:05:29', '00DBE73A79A74B4DAE47A7B8B444408B', '2018-09-27 02:05:29', '00DBE73A79A74B4DAE47A7B8B444408B');
INSERT INTO `t_dict` VALUES ('2086B6C5A79C47C8AFA78015930DCA14', '三公里以内', null, '3', 'A0ECD9D3B85745D78239E90DB55D10F5', '20', '2018-09-25 02:49:49', '00DBE73A79A74B4DAE47A7B8B444408B', '2018-09-25 02:49:49', '00DBE73A79A74B4DAE47A7B8B444408B');
INSERT INTO `t_dict` VALUES ('214D80887EED453AA57A65E0279E8734', 'QQ注册', null, 'qq', '80A0B794C31D4FC1A8DE9E192298EFE0', '20', '2018-09-25 02:55:40', '00DBE73A79A74B4DAE47A7B8B444408B', '2018-09-25 02:55:40', '00DBE73A79A74B4DAE47A7B8B444408B');
INSERT INTO `t_dict` VALUES ('2B7DD2736CB948B78E592A61E5C69EE9', '一口价', null, '1', '19932286C7A5497E948B434C3533D37D', '10', '2018-09-27 02:05:44', '00DBE73A79A74B4DAE47A7B8B444408B', '2018-09-27 02:05:44', '00DBE73A79A74B4DAE47A7B8B444408B');
INSERT INTO `t_dict` VALUES ('2FEABC6D2E054C54B00A83E6077AA60D', '线下', null, '2', '1076CAAA6F194B92B77A479F03C4DF78', '20', '2018-09-27 02:03:33', '00DBE73A79A74B4DAE47A7B8B444408B', '2018-09-27 02:03:33', '00DBE73A79A74B4DAE47A7B8B444408B');
INSERT INTO `t_dict` VALUES ('310CABAB790A49468F4CDCD909DA525E', '需求', null, '2', 'B839633F2F6A45A4B0B6FC9E7C6820FE', '20', '2018-09-27 02:00:39', '00DBE73A79A74B4DAE47A7B8B444408B', '2018-09-27 02:00:39', '00DBE73A79A74B4DAE47A7B8B444408B');
INSERT INTO `t_dict` VALUES ('3175F7B948344EF69106C5B06BF4E535', '账户类型', 'dict.account.type', '', null, '160', '2018-09-27 02:09:56', '00DBE73A79A74B4DAE47A7B8B444408B', '2018-09-27 02:09:56', '00DBE73A79A74B4DAE47A7B8B444408B');
INSERT INTO `t_dict` VALUES ('33D832E5DC9E4248B45394BD685AB39B', '钻级', null, '1000-10000', '7A507BDFE2C442CABF3564537B2CB940', '20', '2018-09-25 02:48:15', '00DBE73A79A74B4DAE47A7B8B444408B', '2018-09-25 23:23:48', '00DBE73A79A74B4DAE47A7B8B444408B');
INSERT INTO `t_dict` VALUES ('35DEC7E3B8AA44ECAE40D28A45AF7840', '女', null, '2', '5704BC50825A4FDD96FCCED0653E867F', '20', '2018-09-27 02:01:30', '00DBE73A79A74B4DAE47A7B8B444408B', '2018-09-27 02:01:30', '00DBE73A79A74B4DAE47A7B8B444408B');
INSERT INTO `t_dict` VALUES ('37E488B24E194FA79EA52EFFEE75C33F', '服务', null, '1', 'B839633F2F6A45A4B0B6FC9E7C6820FE', '10', '2018-09-27 02:00:29', '00DBE73A79A74B4DAE47A7B8B444408B', '2018-09-27 02:00:29', '00DBE73A79A74B4DAE47A7B8B444408B');
INSERT INTO `t_dict` VALUES ('3A8FA37B2B274850A6A19F7A74905515', '技能等级', 'dict.skill.degree', '', null, '10', '2018-09-25 02:31:26', '00DBE73A79A74B4DAE47A7B8B444408B', '2018-09-25 02:52:13', '00DBE73A79A74B4DAE47A7B8B444408B');
INSERT INTO `t_dict` VALUES ('3E75577D938E48E6973CD390ABBD1941', '品牌秀来源', 'dict.brand.resource', '', null, '140', '2018-09-27 02:08:13', '00DBE73A79A74B4DAE47A7B8B444408B', '2018-09-27 02:08:13', '00DBE73A79A74B4DAE47A7B8B444408B');
INSERT INTO `t_dict` VALUES ('3E9096872961488D9E2EFB2CFD2AC9C1', '充值', null, '2', '869E8D4291724A5F80786BF4A630B5D9', '20', '2018-09-27 02:09:32', '00DBE73A79A74B4DAE47A7B8B444408B', '2018-09-27 02:09:32', '00DBE73A79A74B4DAE47A7B8B444408B');
INSERT INTO `t_dict` VALUES ('54E98C73749E477080AE4B1C54DD7CFD', '广告类型', 'dict.banner.type', '', null, '60', '2018-09-25 02:59:10', '00DBE73A79A74B4DAE47A7B8B444408B', '2018-09-25 02:59:10', '00DBE73A79A74B4DAE47A7B8B444408B');
INSERT INTO `t_dict` VALUES ('5704BC50825A4FDD96FCCED0653E867F', '性别类型', 'dict.gender.type', '', null, '80', '2018-09-27 02:01:11', '00DBE73A79A74B4DAE47A7B8B444408B', '2018-09-27 02:01:11', '00DBE73A79A74B4DAE47A7B8B444408B');
INSERT INTO `t_dict` VALUES ('59B086B7C23A4A658A2DB8AD8E79FAD2', '现金账户', null, '1', '6EC87661DEE64B53A00945DCBC761A9E', '10', '2018-09-27 02:11:04', '00DBE73A79A74B4DAE47A7B8B444408B', '2018-09-27 02:11:04', '00DBE73A79A74B4DAE47A7B8B444408B');
INSERT INTO `t_dict` VALUES ('5B51BF308EF441D3B7872D7F2B2CC171', '现金账户', null, '1', '3175F7B948344EF69106C5B06BF4E535', '10', '2018-09-27 02:10:04', '00DBE73A79A74B4DAE47A7B8B444408B', '2018-09-27 02:10:04', '00DBE73A79A74B4DAE47A7B8B444408B');
INSERT INTO `t_dict` VALUES ('5DA9478C96294B4BA2B6E89EF7F1140C', '1公里以内', null, '1', 'A0ECD9D3B85745D78239E90DB55D10F5', '10', '2018-09-25 02:49:27', '00DBE73A79A74B4DAE47A7B8B444408B', '2018-09-25 02:49:27', '00DBE73A79A74B4DAE47A7B8B444408B');
INSERT INTO `t_dict` VALUES ('5E8BD999CE284011BB3883A5759470D3', '手机注册', null, 'phone', '80A0B794C31D4FC1A8DE9E192298EFE0', '30', '2018-09-25 02:55:55', '00DBE73A79A74B4DAE47A7B8B444408B', '2018-09-25 02:55:55', '00DBE73A79A74B4DAE47A7B8B444408B');
INSERT INTO `t_dict` VALUES ('5F0CB257051743F2A44CC1791DD60369', '皇冠级', null, '10000-100000', '3A8FA37B2B274850A6A19F7A74905515', '30', '2018-09-25 02:45:16', '00DBE73A79A74B4DAE47A7B8B444408B', '2018-09-25 23:23:33', '00DBE73A79A74B4DAE47A7B8B444408B');
INSERT INTO `t_dict` VALUES ('5FF4C411812C4DB1BF73B4E6F089C00D', '不限', null, '', '7A507BDFE2C442CABF3564537B2CB940', '1', '2018-09-27 01:01:50', '00DBE73A79A74B4DAE47A7B8B444408B', '2018-09-27 01:08:10', '00DBE73A79A74B4DAE47A7B8B444408B');
INSERT INTO `t_dict` VALUES ('66E1213921B1439A967C49449260AA91', '五公里以内', null, '5', 'A0ECD9D3B85745D78239E90DB55D10F5', '30', '2018-09-25 02:50:12', '00DBE73A79A74B4DAE47A7B8B444408B', '2018-09-25 02:50:12', '00DBE73A79A74B4DAE47A7B8B444408B');
INSERT INTO `t_dict` VALUES ('6A1C9FDB155F4872A52B49DA35EB6DB7', '男', null, '1', '5704BC50825A4FDD96FCCED0653E867F', '10', '2018-09-27 02:01:23', '00DBE73A79A74B4DAE47A7B8B444408B', '2018-09-27 02:01:23', '00DBE73A79A74B4DAE47A7B8B444408B');
INSERT INTO `t_dict` VALUES ('6E13367147AC42FD8DE116E547B01D65', '不限', null, '', 'A0ECD9D3B85745D78239E90DB55D10F5', '1', '2018-09-27 01:02:04', '00DBE73A79A74B4DAE47A7B8B444408B', '2018-09-27 01:08:19', '00DBE73A79A74B4DAE47A7B8B444408B');
INSERT INTO `t_dict` VALUES ('6EC87661DEE64B53A00945DCBC761A9E', '账户交易方式', 'dict.account.pay.way', '', null, '170', '2018-09-27 02:10:45', '00DBE73A79A74B4DAE47A7B8B444408B', '2018-09-27 02:16:13', '00DBE73A79A74B4DAE47A7B8B444408B');
INSERT INTO `t_dict` VALUES ('703F5A2E4322432BAB32604C754EC4F6', '年龄范围', 'dict.age.range', '', null, '40', '2018-09-25 02:50:33', '00DBE73A79A74B4DAE47A7B8B444408B', '2018-09-25 02:50:33', '00DBE73A79A74B4DAE47A7B8B444408B');
INSERT INTO `t_dict` VALUES ('7107BC18DAE74C0480A7EFC56A96FCA7', '不限', null, '', '703F5A2E4322432BAB32604C754EC4F6', '1', '2018-09-27 01:02:14', '00DBE73A79A74B4DAE47A7B8B444408B', '2018-09-27 01:08:26', '00DBE73A79A74B4DAE47A7B8B444408B');
INSERT INTO `t_dict` VALUES ('7A507BDFE2C442CABF3564537B2CB940', '诚信等级', 'dict.credit.degree', '', null, '20', '2018-09-25 02:47:43', '00DBE73A79A74B4DAE47A7B8B444408B', '2018-09-25 02:47:43', '00DBE73A79A74B4DAE47A7B8B444408B');
INSERT INTO `t_dict` VALUES ('7E9600F1F2174F1E8CC6AEC3836A7BD4', '二级菜单', null, '2', 'F4B267A498614D1A9524848E8CD9414D', '20', '2018-09-27 02:02:46', '00DBE73A79A74B4DAE47A7B8B444408B', '2018-09-27 02:02:46', '00DBE73A79A74B4DAE47A7B8B444408B');
INSERT INTO `t_dict` VALUES ('7F1E517AE0CC47E4A5547AEA52D40C04', '链接广告', null, 'link', '54E98C73749E477080AE4B1C54DD7CFD', '30', '2018-09-25 03:00:07', '00DBE73A79A74B4DAE47A7B8B444408B', '2018-09-25 03:00:07', '00DBE73A79A74B4DAE47A7B8B444408B');
INSERT INTO `t_dict` VALUES ('80A0B794C31D4FC1A8DE9E192298EFE0', '会员类型', 'dict.member.type', '', null, '50', '2018-09-25 02:54:55', '00DBE73A79A74B4DAE47A7B8B444408B', '2018-09-25 02:54:55', '00DBE73A79A74B4DAE47A7B8B444408B');
INSERT INTO `t_dict` VALUES ('8366ED14BE2D41E997E3E12BBE3E70E4', '原创', null, '1', '3E75577D938E48E6973CD390ABBD1941', '10', '2018-09-27 02:08:23', '00DBE73A79A74B4DAE47A7B8B444408B', '2018-09-27 02:08:23', '00DBE73A79A74B4DAE47A7B8B444408B');
INSERT INTO `t_dict` VALUES ('83BFB607249F4806A5787200AA22AB4B', '25岁以下', null, '18-25', '703F5A2E4322432BAB32604C754EC4F6', '10', '2018-09-25 02:50:52', '00DBE73A79A74B4DAE47A7B8B444408B', '2018-09-25 23:24:14', '00DBE73A79A74B4DAE47A7B8B444408B');
INSERT INTO `t_dict` VALUES ('869E8D4291724A5F80786BF4A630B5D9', '头条类型', 'dict.news.type', '', null, '150', '2018-09-27 02:09:15', '00DBE73A79A74B4DAE47A7B8B444408B', '2018-09-27 02:09:15', '00DBE73A79A74B4DAE47A7B8B444408B');
INSERT INTO `t_dict` VALUES ('8C6DAB72BBBE4BC69EA6B2D4C67C656A', '商议', null, '2', '19932286C7A5497E948B434C3533D37D', '20', '2018-09-27 02:05:54', '00DBE73A79A74B4DAE47A7B8B444408B', '2018-09-27 02:05:54', '00DBE73A79A74B4DAE47A7B8B444408B');
INSERT INTO `t_dict` VALUES ('8ED6D5F5BE41476F8A4EAB08B6777240', '个人动态', null, '1', '043598D3BFAE423A8B74BBE5F8D14988', '10', '2018-09-27 02:07:30', '00DBE73A79A74B4DAE47A7B8B444408B', '2018-09-27 02:07:30', '00DBE73A79A74B4DAE47A7B8B444408B');
INSERT INTO `t_dict` VALUES ('9919E577A6C0474DBA6A2B0D1C0FA8F2', '线上', null, '1', 'B4A88951D80A4FF3BDA6BC74002C2C68', '10', '2018-09-27 02:04:08', '00DBE73A79A74B4DAE47A7B8B444408B', '2018-09-27 02:04:08', '00DBE73A79A74B4DAE47A7B8B444408B');
INSERT INTO `t_dict` VALUES ('9979CB7627D14C29AEC4DE8BACD8D18C', '图片广告', null, 'image', '54E98C73749E477080AE4B1C54DD7CFD', '10', '2018-09-25 02:59:29', '00DBE73A79A74B4DAE47A7B8B444408B', '2018-09-25 02:59:29', '00DBE73A79A74B4DAE47A7B8B444408B');
INSERT INTO `t_dict` VALUES ('99DD9304E0744F68B6E853371C9DAD47', 'A级', null, '100-1000', '7A507BDFE2C442CABF3564537B2CB940', '10', '2018-09-25 02:48:00', '00DBE73A79A74B4DAE47A7B8B444408B', '2018-09-25 23:23:43', '00DBE73A79A74B4DAE47A7B8B444408B');
INSERT INTO `t_dict` VALUES ('9E451994D8AB481D886B157267887BD9', '不限', null, '', '5704BC50825A4FDD96FCCED0653E867F', '1', '2018-09-30 17:28:08', '00DBE73A79A74B4DAE47A7B8B444408B', '2018-09-30 17:28:16', '00DBE73A79A74B4DAE47A7B8B444408B');
INSERT INTO `t_dict` VALUES ('A0ECD9D3B85745D78239E90DB55D10F5', '距离范围', 'dict.distance.range', '', null, '30', '2018-09-25 02:49:07', '00DBE73A79A74B4DAE47A7B8B444408B', '2018-09-25 02:49:07', '00DBE73A79A74B4DAE47A7B8B444408B');
INSERT INTO `t_dict` VALUES ('AFC855222F524BE58709086423DDDC84', '35岁以上', null, '35-100', '703F5A2E4322432BAB32604C754EC4F6', '30', '2018-09-25 02:51:46', '00DBE73A79A74B4DAE47A7B8B444408B', '2018-09-25 23:24:20', '00DBE73A79A74B4DAE47A7B8B444408B');
INSERT INTO `t_dict` VALUES ('B18304CA4AF3457887C875956285282F', '转载', null, '2', '3E75577D938E48E6973CD390ABBD1941', '20', '2018-09-27 02:08:29', '00DBE73A79A74B4DAE47A7B8B444408B', '2018-09-27 02:08:29', '00DBE73A79A74B4DAE47A7B8B444408B');
INSERT INTO `t_dict` VALUES ('B4A88951D80A4FF3BDA6BC74002C2C68', '服务付款方式', 'dict.serve.pay.way', '', null, '110', '2018-09-27 02:03:57', '00DBE73A79A74B4DAE47A7B8B444408B', '2018-09-27 02:03:57', '00DBE73A79A74B4DAE47A7B8B444408B');
INSERT INTO `t_dict` VALUES ('B839633F2F6A45A4B0B6FC9E7C6820FE', '服务类型', 'dict.serve.type', '', null, '70', '2018-09-27 02:00:16', '00DBE73A79A74B4DAE47A7B8B444408B', '2018-09-27 02:00:16', '00DBE73A79A74B4DAE47A7B8B444408B');
INSERT INTO `t_dict` VALUES ('C3EC4C9FADD147DE8807DB0FFC272222', '一级菜单', null, '1', 'F4B267A498614D1A9524848E8CD9414D', '10', '2018-09-27 02:02:35', '00DBE73A79A74B4DAE47A7B8B444408B', '2018-09-27 02:02:35', '00DBE73A79A74B4DAE47A7B8B444408B');
INSERT INTO `t_dict` VALUES ('D3E22B30CB924EE680CA561D944C88AC', '25-35岁', null, '25-35', '703F5A2E4322432BAB32604C754EC4F6', '20', '2018-09-25 02:51:22', '00DBE73A79A74B4DAE47A7B8B444408B', '2018-09-25 02:51:22', '00DBE73A79A74B4DAE47A7B8B444408B');
INSERT INTO `t_dict` VALUES ('D58D59C63588436290F91E044DC77ADE', '皇冠级', null, '10000-100000', '7A507BDFE2C442CABF3564537B2CB940', '30', '2018-09-25 02:48:25', '00DBE73A79A74B4DAE47A7B8B444408B', '2018-09-25 23:23:55', '00DBE73A79A74B4DAE47A7B8B444408B');
INSERT INTO `t_dict` VALUES ('D87EB8AF105B4C15956B844FA29EA606', '网币账户', null, '2', '6EC87661DEE64B53A00945DCBC761A9E', '20', '2018-09-27 02:11:14', '00DBE73A79A74B4DAE47A7B8B444408B', '2018-09-27 02:11:14', '00DBE73A79A74B4DAE47A7B8B444408B');
INSERT INTO `t_dict` VALUES ('DB341FCF9EAA4EDEB8239B09673CBF77', '视频广告', null, 'video', '54E98C73749E477080AE4B1C54DD7CFD', '20', '2018-09-25 02:59:52', '00DBE73A79A74B4DAE47A7B8B444408B', '2018-09-25 02:59:52', '00DBE73A79A74B4DAE47A7B8B444408B');
INSERT INTO `t_dict` VALUES ('DC6455A1BD69441FBFBEB6108BFED1C5', '支付宝', null, '4', '6EC87661DEE64B53A00945DCBC761A9E', '40', '2018-09-27 02:11:36', '00DBE73A79A74B4DAE47A7B8B444408B', '2018-09-27 02:11:36', '00DBE73A79A74B4DAE47A7B8B444408B');
INSERT INTO `t_dict` VALUES ('DF8208AAEE9B4459B3902A6DFD99F2E1', '发布服务', null, '2', '043598D3BFAE423A8B74BBE5F8D14988', '20', '2018-09-27 02:07:42', '00DBE73A79A74B4DAE47A7B8B444408B', '2018-09-27 02:07:42', '00DBE73A79A74B4DAE47A7B8B444408B');
INSERT INTO `t_dict` VALUES ('E08F7F5F79E9444ABDE930935CEEBB6F', '不限', null, '', 'B839633F2F6A45A4B0B6FC9E7C6820FE', '1', '2018-09-30 17:27:15', '00DBE73A79A74B4DAE47A7B8B444408B', '2018-09-30 17:27:33', '00DBE73A79A74B4DAE47A7B8B444408B');
INSERT INTO `t_dict` VALUES ('E119674D48B94559AB657F4C59A451FE', 'A级', null, '100-1000', '3A8FA37B2B274850A6A19F7A74905515', '10', '2018-09-25 02:44:24', '00DBE73A79A74B4DAE47A7B8B444408B', '2018-09-25 23:23:19', '00DBE73A79A74B4DAE47A7B8B444408B');
INSERT INTO `t_dict` VALUES ('E3013328D73F4F16AF60F1A84BB5B25D', '注册', null, '1', '869E8D4291724A5F80786BF4A630B5D9', '10', '2018-09-27 02:09:23', '00DBE73A79A74B4DAE47A7B8B444408B', '2018-09-27 02:09:23', '00DBE73A79A74B4DAE47A7B8B444408B');
INSERT INTO `t_dict` VALUES ('EC917F0AB6D1428C8CD0BA0D656DA872', '线下', null, '2', 'B4A88951D80A4FF3BDA6BC74002C2C68', '20', '2018-09-27 02:04:16', '00DBE73A79A74B4DAE47A7B8B444408B', '2018-09-27 02:04:16', '00DBE73A79A74B4DAE47A7B8B444408B');
INSERT INTO `t_dict` VALUES ('EF8DDA60F8454BE1B96AE80C4AF4230F', '钻级', null, '1000-10000', '3A8FA37B2B274850A6A19F7A74905515', '20', '2018-09-25 02:44:58', '00DBE73A79A74B4DAE47A7B8B444408B', '2018-09-25 23:23:27', '00DBE73A79A74B4DAE47A7B8B444408B');
INSERT INTO `t_dict` VALUES ('F32E3CA087FD435B9FC30071BE395703', '线上', null, '1', '1076CAAA6F194B92B77A479F03C4DF78', '10', '2018-09-27 02:03:23', '00DBE73A79A74B4DAE47A7B8B444408B', '2018-09-27 02:03:23', '00DBE73A79A74B4DAE47A7B8B444408B');
INSERT INTO `t_dict` VALUES ('F4B267A498614D1A9524848E8CD9414D', '菜单级别', 'dict.menu.level', '', null, '90', '2018-09-27 02:02:15', '00DBE73A79A74B4DAE47A7B8B444408B', '2018-09-27 02:02:15', '00DBE73A79A74B4DAE47A7B8B444408B');
INSERT INTO `t_dict` VALUES ('F780DBAB4583469E9895A74D03D838DC', '品牌秀', null, '3', '043598D3BFAE423A8B74BBE5F8D14988', '30', '2018-09-27 02:07:50', '00DBE73A79A74B4DAE47A7B8B444408B', '2018-09-27 02:07:50', '00DBE73A79A74B4DAE47A7B8B444408B');

-- ----------------------------
-- Table structure for t_friend
-- ----------------------------
DROP TABLE IF EXISTS `t_friend`;
CREATE TABLE `t_friend` (
  `pk_id` varchar(255) NOT NULL,
  `c_memberId` varchar(255) NOT NULL,
  `c_friendId` varchar(255) NOT NULL,
  `c_createDate` datetime NOT NULL,
  PRIMARY KEY (`pk_id`)
) ENGINE=InnoDB DEFAULT CHARSET=utf8;

-- ----------------------------
-- Records of t_friend
-- ----------------------------
INSERT INTO `t_friend` VALUES ('FD4F7525601346F6AC5E4A320797628E', '95CE1893139A42989F485C6EAEF6B62C', '705F2CBCD9434B38B6DC84B7C228FAC5', '2018-10-31 01:30:08');
INSERT INTO `t_friend` VALUES ('FE11B4C230DE4FA7A0A744F2D49924AD', '705F2CBCD9434B38B6DC84B7C228FAC5', '95CE1893139A42989F485C6EAEF6B62C', '2018-10-31 01:30:08');

-- ----------------------------
-- Table structure for t_introduce
-- ----------------------------
DROP TABLE IF EXISTS `t_introduce`;
CREATE TABLE `t_introduce` (
  `pk_id` varchar(255) NOT NULL,
  `c_memberId` varchar(255) NOT NULL,
  `c_experience` text,
  `c_advantage` text,
  `c_motto` text,
  `c_createBy` varchar(255) NOT NULL,
  `c_createDate` datetime NOT NULL,
  `c_updateBy` varchar(255) NOT NULL,
  `c_updateDate` datetime NOT NULL,
  PRIMARY KEY (`pk_id`)
) ENGINE=InnoDB DEFAULT CHARSET=utf8;

-- ----------------------------
-- Records of t_introduce
-- ----------------------------
INSERT INTO `t_introduce` VALUES ('0235711FA67544EA82FA616BEB898E7C', '705F2CBCD9434B38B6DC84B7C228FAC5', '', '', '', '705F2CBCD9434B38B6DC84B7C228FAC5', '2018-10-26 02:25:15', '705F2CBCD9434B38B6DC84B7C228FAC5', '2018-10-26 02:25:15');

-- ----------------------------
-- Table structure for t_log
-- ----------------------------
DROP TABLE IF EXISTS `t_log`;
CREATE TABLE `t_log` (
  `pk_id` varchar(255) NOT NULL,
  `c_userid` varchar(255) DEFAULT NULL,
  `c_username` varchar(255) DEFAULT NULL,
  `c_content` text,
  `c_title` varchar(255) DEFAULT NULL,
  `c_errormsg` text,
  `c_status` int(1) DEFAULT NULL,
  `c_ip` varchar(50) DEFAULT NULL,
  `c_createdate` datetime DEFAULT NULL,
  PRIMARY KEY (`pk_id`)
) ENGINE=InnoDB DEFAULT CHARSET=utf8;

-- ----------------------------
-- Records of t_log
-- ----------------------------

-- ----------------------------
-- Table structure for t_media
-- ----------------------------
DROP TABLE IF EXISTS `t_media`;
CREATE TABLE `t_media` (
  `pk_id` varchar(255) NOT NULL,
  `c_memberId` varchar(255) NOT NULL,
  `c_link` varchar(255) NOT NULL,
  `c_biz_id` varchar(255) NOT NULL,
  `c_type` tinyint(2) NOT NULL,
  `c_resource` tinyint(2) NOT NULL,
  `c_citycode` varchar(255) NOT NULL,
  `c_clicks` int(11) NOT NULL DEFAULT '0',
  `c_agrees` int(11) NOT NULL DEFAULT '0',
  `c_tips` int(11) NOT NULL DEFAULT '0',
  `c_createBy` varchar(255) NOT NULL,
  `c_createDate` datetime NOT NULL,
  `c_updateBy` varchar(255) NOT NULL,
  `c_updateDate` datetime NOT NULL,
  PRIMARY KEY (`pk_id`)
) ENGINE=InnoDB DEFAULT CHARSET=utf8;

-- ----------------------------
-- Records of t_media
-- ----------------------------
INSERT INTO `t_media` VALUES ('07E79803F588458AABC8C5AAA61F7DE6', '705F2CBCD9434B38B6DC84B7C228FAC5', '4545454.jpg', 'A8120567C45F485A893887236E5BA3FE', '1', '3', '0755', '0', '0', '0', '705F2CBCD9434B38B6DC84B7C228FAC5', '2018-09-06 22:56:29', '705F2CBCD9434B38B6DC84B7C228FAC5', '2018-09-06 22:56:29');
INSERT INTO `t_media` VALUES ('0B4AB7E1FDC34996B05DFE7809BDFD7E', '705F2CBCD9434B38B6DC84B7C228FAC5', 'https://image.youlian365.com/95CE1893139A42989F485C6EAEF6B62C_20180915140129657.mp4', '5CE24AD361234EBBBDC325B1E92D8B0B', '2', '3', '0755', '0', '0', '0', '705F2CBCD9434B38B6DC84B7C228FAC5', '2018-09-24 23:15:57', '705F2CBCD9434B38B6DC84B7C228FAC5', '2018-09-24 23:15:57');
INSERT INTO `t_media` VALUES ('17BF4613C66745BE85A977AF0872F2CC', '705F2CBCD9434B38B6DC84B7C228FAC5', 'https://image.youlian365.com/95CE1893139A42989F485C6EAEF6B62C_20180920011030493.jpg', 'DAD6F2DEA0D44034AD48198AE8EB1DAA', '1', '2', '0755', '0', '0', '0', '705F2CBCD9434B38B6DC84B7C228FAC5', '2018-10-21 19:46:43', '705F2CBCD9434B38B6DC84B7C228FAC5', '2018-10-21 19:46:43');
INSERT INTO `t_media` VALUES ('2749B7706E2647AFA4D653E3A933AE27', '705F2CBCD9434B38B6DC84B7C228FAC5', '4545454.png', 'AC6CEC41A1D340908A76B72BB8B99ABF', '1', '3', '0755', '0', '0', '0', '705F2CBCD9434B38B6DC84B7C228FAC5', '2018-09-11 22:42:23', '705F2CBCD9434B38B6DC84B7C228FAC5', '2018-09-11 22:42:23');
INSERT INTO `t_media` VALUES ('28EEA27469444D80A266EB7CE388E85E', '705F2CBCD9434B38B6DC84B7C228FAC5', '121212.mp4', 'DEDEA7F9887249B38E27979023D047ED', '2', '3', '0755', '0', '0', '0', '705F2CBCD9434B38B6DC84B7C228FAC5', '2018-09-11 00:20:28', '705F2CBCD9434B38B6DC84B7C228FAC5', '2018-09-11 00:20:28');
INSERT INTO `t_media` VALUES ('41B956B42E4048C097753351E66212C0', '705F2CBCD9434B38B6DC84B7C228FAC5', '121212.mp4', 'AC6CEC41A1D340908A76B72BB8B99ABF', '2', '3', '0755', '0', '0', '0', '705F2CBCD9434B38B6DC84B7C228FAC5', '2018-09-11 22:42:23', '705F2CBCD9434B38B6DC84B7C228FAC5', '2018-09-11 22:42:23');
INSERT INTO `t_media` VALUES ('464477D8AE3E4941BF9288F6FAACFAB2', '705F2CBCD9434B38B6DC84B7C228FAC5', 'https://image.youlian365.com/95CE1893139A42989F485C6EAEF6B62C_20180915140129657.mp4', '22591DE94DC8477EA248A56852621F8C', '2', '3', '0755', '0', '0', '0', '705F2CBCD9434B38B6DC84B7C228FAC5', '2018-09-24 23:38:53', '705F2CBCD9434B38B6DC84B7C228FAC5', '2018-09-24 23:38:53');
INSERT INTO `t_media` VALUES ('577B96C8E4224AA59A94E237BBD70590', '62DD7DCD88214825980543E35E548A7C', 'https://image.youlian365.com/95CE1893139A42989F485C6EAEF6B62C_20180919002442228.mp4', '0FD2FF3E357945E69FA08F21D6F34AE6', '2', '2', '0755', '0', '0', '0', '62DD7DCD88214825980543E35E548A7C', '2018-10-21 21:18:36', '62DD7DCD88214825980543E35E548A7C', '2018-10-21 21:18:36');
INSERT INTO `t_media` VALUES ('672DA4329F274EF0847070E09AFE0A9F', '705F2CBCD9434B38B6DC84B7C228FAC5', '121212.mp4', 'A8120567C45F485A893887236E5BA3FE', '2', '3', '0755', '0', '0', '0', '705F2CBCD9434B38B6DC84B7C228FAC5', '2018-09-06 22:56:29', '705F2CBCD9434B38B6DC84B7C228FAC5', '2018-09-06 22:56:29');
INSERT INTO `t_media` VALUES ('76E54A15865946EA8284D4C5BB84E9F0', '705F2CBCD9434B38B6DC84B7C228FAC5', 'https://image.youlian365.com/95CE1893139A42989F485C6EAEF6B62C_20180915140129657.mp4', '72F1EEE6977B4C0696AA773E07A5E203', '2', '3', '0755', '0', '0', '0', '705F2CBCD9434B38B6DC84B7C228FAC5', '2018-09-21 00:12:38', '705F2CBCD9434B38B6DC84B7C228FAC5', '2018-09-21 00:12:38');
INSERT INTO `t_media` VALUES ('85480692E99E485C8CC2A51577E0F069', '705F2CBCD9434B38B6DC84B7C228FAC5', 'https://image.youlian365.com/95CE1893139A42989F485C6EAEF6B62C_20180920011030493.jpg', '6215B544A0C14720A92E10679DA85AE0', '1', '1', '0755', '0', '0', '0', '705F2CBCD9434B38B6DC84B7C228FAC5', '2018-10-28 19:45:55', '705F2CBCD9434B38B6DC84B7C228FAC5', '2018-10-28 19:45:55');
INSERT INTO `t_media` VALUES ('9672392714BE4A21B7EF2FF420F51C83', '705F2CBCD9434B38B6DC84B7C228FAC5', 'https://image.youlian365.com/95CE1893139A42989F485C6EAEF6B62C_20180926234341.jpg', 'C0E6911997DA43F0B7A7E6D0C1A60657', '1', '3', '0755', '0', '0', '0', '705F2CBCD9434B38B6DC84B7C228FAC5', '2018-10-26 02:21:41', '705F2CBCD9434B38B6DC84B7C228FAC5', '2018-10-26 02:21:41');
INSERT INTO `t_media` VALUES ('A1333CE5B72A41218A597C69F854C7AF', '705F2CBCD9434B38B6DC84B7C228FAC5', 'https://image.youlian365.com/95CE1893139A42989F485C6EAEF6B62C_20180915140129657.mp4', 'A063281A81AE43FC9FF9FA566F283E8B', '2', '3', '0755', '0', '0', '0', '705F2CBCD9434B38B6DC84B7C228FAC5', '2018-09-26 21:21:11', '705F2CBCD9434B38B6DC84B7C228FAC5', '2018-09-26 21:21:11');
INSERT INTO `t_media` VALUES ('D0933D001E3D4CE3BEAA555084461E83', '705F2CBCD9434B38B6DC84B7C228FAC5', 'https://image.youlian365.com/95CE1893139A42989F485C6EAEF6B62C_20180920011030493.jpg', '038777C5974C47EAB543038FF591C03E', '1', '2', '0755', '0', '0', '0', '705F2CBCD9434B38B6DC84B7C228FAC5', '2019-02-16 12:24:17', '705F2CBCD9434B38B6DC84B7C228FAC5', '2019-02-16 12:24:17');
INSERT INTO `t_media` VALUES ('D5F0382C95404C87B8A9A7ABEFDBC581', '705F2CBCD9434B38B6DC84B7C228FAC5', 'https://image.youlian365.com/95CE1893139A42989F485C6EAEF6B62C_20180920011030493.jpg', 'E48FE6BF3D8849C79342CA2CA73177BD', '1', '2', '0755', '0', '0', '0', '705F2CBCD9434B38B6DC84B7C228FAC5', '2018-10-26 02:27:39', '705F2CBCD9434B38B6DC84B7C228FAC5', '2018-10-26 02:27:39');
INSERT INTO `t_media` VALUES ('DE589269FF82427FBC938E3815E853D9', '705F2CBCD9434B38B6DC84B7C228FAC5', '4545454.png', 'DEDEA7F9887249B38E27979023D047ED', '1', '3', '0755', '0', '0', '0', '705F2CBCD9434B38B6DC84B7C228FAC5', '2018-09-11 00:20:28', '705F2CBCD9434B38B6DC84B7C228FAC5', '2018-09-11 00:20:28');
INSERT INTO `t_media` VALUES ('E312BCCA704F46B7A502EF5CCA0146D9', '705F2CBCD9434B38B6DC84B7C228FAC5', 'https://image.youlian365.com/95CE1893139A42989F485C6EAEF6B62C_20180919002442228.mp4', '038777C5974C47EAB543038FF591C03E', '2', '2', '0755', '0', '0', '0', '705F2CBCD9434B38B6DC84B7C228FAC5', '2019-02-16 12:24:17', '705F2CBCD9434B38B6DC84B7C228FAC5', '2019-02-16 12:24:17');
INSERT INTO `t_media` VALUES ('E79323C86B11445B99B1F07DBCE149F5', '705F2CBCD9434B38B6DC84B7C228FAC5', 'https://image.youlian365.com/95CE1893139A42989F485C6EAEF6B62C_20180920011030493.jpg', '398652441EE04B359113E999B592EAB0', '1', '2', '0755', '0', '0', '0', '705F2CBCD9434B38B6DC84B7C228FAC5', '2018-10-26 02:32:42', '705F2CBCD9434B38B6DC84B7C228FAC5', '2018-10-26 02:32:42');
INSERT INTO `t_media` VALUES ('F400DF13B9FF4C5A976404B4CC3C5AB6', '705F2CBCD9434B38B6DC84B7C228FAC5', 'https://image.youlian365.com/95CE1893139A42989F485C6EAEF6B62C_20180920011030493.jpg', '61C85C596A8A4F37AAA82B2E138A7D72', '1', '2', '0755', '0', '0', '0', '705F2CBCD9434B38B6DC84B7C228FAC5', '2019-02-16 12:21:27', '705F2CBCD9434B38B6DC84B7C228FAC5', '2019-02-16 12:21:27');

-- ----------------------------
-- Table structure for t_member
-- ----------------------------
DROP TABLE IF EXISTS `t_member`;
CREATE TABLE `t_member` (
  `pk_id` varchar(255) NOT NULL,
  `c_name` varchar(255) NOT NULL,
  `c_realName` varchar(255) DEFAULT NULL,
  `c_background` varchar(255) DEFAULT NULL,
  `c_age` tinyint(3) DEFAULT NULL,
  `c_gender` tinyint(1) NOT NULL DEFAULT '0',
  `c_password` varchar(255) DEFAULT NULL,
  `c_email` varchar(255) DEFAULT NULL,
  `c_phone` varchar(255) DEFAULT NULL,
  `c_wxId` varchar(255) DEFAULT NULL,
  `c_qqId` varchar(255) DEFAULT NULL,
  `c_image` varchar(255) DEFAULT NULL,
  `c_skillScore` int(11) NOT NULL DEFAULT '0',
  `c_creditScore` int(11) NOT NULL DEFAULT '0',
  `c_fans` int(11) NOT NULL DEFAULT '0',
  `c_trades` int(11) NOT NULL DEFAULT '0',
  `c_agrees` int(11) NOT NULL DEFAULT '0',
  `c_visitors` int(11) NOT NULL DEFAULT '0',
  `c_citycode` varchar(50) DEFAULT NULL,
  `c_province_name` varchar(255) DEFAULT NULL,
  `c_city_name` varchar(255) DEFAULT NULL,
  `c_address` varchar(255) DEFAULT NULL,
  `c_type` varchar(5) NOT NULL,
  `c_status` tinyint(1) NOT NULL DEFAULT '1',
  `c_phoneAuth` tinyint(1) NOT NULL DEFAULT '0',
  `c_companyAuth` tinyint(1) NOT NULL DEFAULT '0',
  `c_personAuth` tinyint(1) NOT NULL DEFAULT '0',
  `c_longitude` varchar(255) DEFAULT NULL,
  `c_latitude` varchar(255) DEFAULT NULL,
  `c_createDate` datetime NOT NULL,
  `c_createBy` varchar(255) NOT NULL,
  `c_updateDate` datetime NOT NULL,
  `c_updateBy` varchar(255) NOT NULL,
  PRIMARY KEY (`pk_id`)
) ENGINE=InnoDB DEFAULT CHARSET=utf8;

-- ----------------------------
-- Records of t_member
-- ----------------------------
INSERT INTO `t_member` VALUES ('159399AAFF9342C4A847D61285FC139C', '兵', null, null, null, '1', null, null, null, 'orVhW0r08QdZ8H97sIW1mNIZ57P0', null, null, '0', '0', '0', '0', '0', '0', '0755', '广东省', '深圳市', null, 'wx', '1', '0', '0', '0', null, null, '2018-06-24 12:20:48', '159399AAFF9342C4A847D61285FC139C', '2018-06-24 12:20:48', '159399AAFF9342C4A847D61285FC139C');
INSERT INTO `t_member` VALUES ('23E206CF0CB4421AABA3433F8242E214', 'dads', null, null, null, '1', 'denglijun', null, '15581383542', null, null, null, '0', '0', '0', '0', '0', '0', '0755', '广东省', '深圳市', null, 'phone', '1', '1', '0', '0', null, null, '2018-08-04 09:43:22', '23E206CF0CB4421AABA3433F8242E214', '2018-11-05 00:05:31', '23E206CF0CB4421AABA3433F8242E214');
INSERT INTO `t_member` VALUES ('421A91E9D56C43F2B2DD7530E6FE3197', 'll', null, null, null, '2', '123456', null, '13049862540', null, null, null, '0', '0', '0', '0', '0', '0', '0755', '广东省', '深圳市', null, 'phone', '1', '1', '0', '0', null, null, '2018-06-21 13:39:38', '421A91E9D56C43F2B2DD7530E6FE3197', '2018-06-21 13:39:38', '421A91E9D56C43F2B2DD7530E6FE3197');
INSERT INTO `t_member` VALUES ('59AAB581469442118C894FF6A8FC43BD', '18816811560', null, null, null, '1', 'zxcvbnm123', null, '18816811560', null, null, null, '0', '0', '0', '0', '0', '0', '0755', '广东省', '深圳市', null, 'phone', '1', '1', '0', '0', null, null, '2018-06-24 12:23:46', '59AAB581469442118C894FF6A8FC43BD', '2018-10-01 21:58:05', '59AAB581469442118C894FF6A8FC43BD');
INSERT INTO `t_member` VALUES ('5B03A678A1D14AFC8F8CCCB0D9648F33', '%E5%AD%90%E6%B4%9B', null, null, null, '2', null, null, null, null, 'A486BD4383CFA7150A652779DC2257FE', 'http://thirdqq.qlogo.cn/qqapp/100371282/A486BD4383CFA7150A652779DC2257FE/100', '0', '0', '0', '0', '0', '0', '0755', '广东省', '深圳市', null, 'qq', '1', '0', '0', '0', null, null, '2018-06-24 00:02:05', '5B03A678A1D14AFC8F8CCCB0D9648F33', '2018-06-24 00:02:05', '5B03A678A1D14AFC8F8CCCB0D9648F33');
INSERT INTO `t_member` VALUES ('62DD7DCD88214825980543E35E548A7C', 'dylan', null, null, null, '1', '123456', null, '18665802816', null, null, null, '0', '0', '0', '0', '0', '0', '0755', '广东省', '深圳市', null, 'phone', '1', '1', '0', '0', null, null, '2018-06-17 16:26:03', '62DD7DCD88214825980543E35E548A7C', '2018-06-17 16:26:03', '62DD7DCD88214825980543E35E548A7C');
INSERT INTO `t_member` VALUES ('705F2CBCD9434B38B6DC84B7C228FAC5', '大勇改名咯', '李小勇', 'https://image.youlian365.com/95CE1893139A42989F485C6EAEF6B62C_20180920011030493.jpg', '29', '1', '1234567', null, '18576630486', null, '412536658', 'https://image.youlian365.com/95CE1893139A42989F485C6EAEF6B62C_20180920011030493.jpg', '0', '0', '0', '0', '0', '0', '0755', '广东省', '深圳市', null, 'phone', '1', '1', '0', '1', null, null, '2018-05-13 00:14:30', '705F2CBCD9434B38B6DC84B7C228FAC5', '2018-11-12 00:45:10', '705F2CBCD9434B38B6DC84B7C228FAC5');
INSERT INTO `t_member` VALUES ('76EDD0A34FE346C79FCEC1F6B88FB846', '专注', null, null, null, '1', null, null, null, null, '6D59AD742648DC63C3D9A58AC51AD859', null, '0', '0', '1', '0', '1', '1', '0755', '广东省', '深圳市', null, 'qq', '1', '0', '0', '0', null, null, '2018-06-12 23:06:52', '76EDD0A34FE346C79FCEC1F6B88FB846', '2018-10-26 02:19:00', '76EDD0A34FE346C79FCEC1F6B88FB846');
INSERT INTO `t_member` VALUES ('90F0C9235300413182E2E92E9ED42A1D', '邓立兵', null, null, null, '1', null, null, null, 'orVhW0nEUuQa44A3049m7K4mbxX0', null, null, '0', '0', '0', '0', '0', '0', '0755', '广东省', '深圳市', null, 'wx', '1', '0', '0', '0', null, null, '2018-06-22 22:59:01', '90F0C9235300413182E2E92E9ED42A1D', '2018-06-22 22:59:01', '90F0C9235300413182E2E92E9ED42A1D');
INSERT INTO `t_member` VALUES ('95CE1893139A42989F485C6EAEF6B62C', 'app works well ', null, null, null, '1', 'a110110', null, '13049862397', null, null, null, '0', '0', '3', '0', '0', '1', '0755', '广东省', '深圳市', null, 'phone', '1', '1', '0', '0', null, null, '2018-06-14 01:10:31', '95CE1893139A42989F485C6EAEF6B62C', '2018-10-31 02:44:54', '95CE1893139A42989F485C6EAEF6B62C');
INSERT INTO `t_member` VALUES ('9AC7C968B2424AC0B7C6993D4191A891', '大勇', null, null, null, '1', null, null, null, '12121233', null, null, '0', '0', '0', '0', '0', '0', null, null, null, null, 'wx', '1', '0', '0', '0', null, null, '2018-11-12 00:55:03', '9AC7C968B2424AC0B7C6993D4191A891', '2018-11-12 00:55:03', '9AC7C968B2424AC0B7C6993D4191A891');
INSERT INTO `t_member` VALUES ('AD2EBD754CCF4EBA8AAF3C407FA2EA2E', '哆啦b萌灬', null, null, null, '1', null, null, null, null, '4A68D5107BE10DD5ED9A6A4353F89BC2', null, '0', '0', '0', '0', '0', '0', '0755', '广东省', '深圳市', null, 'qq', '1', '0', '0', '0', null, null, '2018-06-02 17:37:21', 'AD2EBD754CCF4EBA8AAF3C407FA2EA2E', '2018-06-02 17:37:21', 'AD2EBD754CCF4EBA8AAF3C407FA2EA2E');
INSERT INTO `t_member` VALUES ('C61D2F7615844438A949762BDC4608B0', '大勇', null, null, null, '1', null, null, null, '121212122', null, null, '0', '0', '0', '0', '0', '0', '0755', '广东省', '深圳市', null, 'wx', '1', '0', '0', '0', null, null, '2018-11-11 20:25:05', 'C61D2F7615844438A949762BDC4608B0', '2018-11-11 20:25:05', 'C61D2F7615844438A949762BDC4608B0');
INSERT INTO `t_member` VALUES ('C7141E82B3BE4ECA9522E95ABF344D6B', '泥土巴拉', null, null, null, '2', null, null, null, null, '5FB068DF8073AD689818EF2850B404DC', null, '0', '0', '0', '0', '0', '0', '0755', '广东省', '深圳市', null, 'qq', '1', '0', '0', '0', null, null, '2018-06-21 14:01:57', 'C7141E82B3BE4ECA9522E95ABF344D6B', '2018-06-21 14:01:57', 'C7141E82B3BE4ECA9522E95ABF344D6B');

-- ----------------------------
-- Table structure for t_member_menu
-- ----------------------------
DROP TABLE IF EXISTS `t_member_menu`;
CREATE TABLE `t_member_menu` (
  `pk_id` varchar(255) NOT NULL,
  `c_memberId` varchar(255) NOT NULL,
  `c_menuId` varchar(255) NOT NULL,
  `c_createDate` datetime NOT NULL,
  PRIMARY KEY (`pk_id`)
) ENGINE=InnoDB DEFAULT CHARSET=utf8;

-- ----------------------------
-- Records of t_member_menu
-- ----------------------------
INSERT INTO `t_member_menu` VALUES ('022D3ED9B3E143DCA591933774600B59', 'AD2EBD754CCF4EBA8AAF3C407FA2EA2E', '6167ACA6D39C481A9121FE4F93EC8D76', '2018-09-15 11:24:37');
INSERT INTO `t_member_menu` VALUES ('07341A6DCCC54748B996F88D199E359C', '76EDD0A34FE346C79FCEC1F6B88FB846', '1F0E8D3D35EC4943881CDD5FAF6B02A8', '2018-08-08 16:28:26');
INSERT INTO `t_member_menu` VALUES ('08C73DF7FB414C53BF86CCE3F153A239', '705F2CBCD9434B38B6DC84B7C228FAC5', '95F17F0647CA40A3A45F601F88DD703E', '2018-05-13 00:33:39');
INSERT INTO `t_member_menu` VALUES ('0C3D43CA90274D61A17386E08CE3C61A', '76EDD0A34FE346C79FCEC1F6B88FB846', 'A3CFC3D0EC724924A9D97CC8F64D838A', '2018-08-08 16:28:26');
INSERT INTO `t_member_menu` VALUES ('32E5D54EF6E049099C01D15F9174F45A', '95CE1893139A42989F485C6EAEF6B62C', '6167ACA6D39C481A9121FE4F93EC8D76', '2018-10-10 19:05:46');
INSERT INTO `t_member_menu` VALUES ('39B5A214385340B480F2DEB17B220177', 'AD2EBD754CCF4EBA8AAF3C407FA2EA2E', '9E24E9DE87264759B8D6510C3B2F6AAD', '2018-09-15 11:24:37');
INSERT INTO `t_member_menu` VALUES ('41521CD80FD54B7382F84FFABE29FD54', 'AD2EBD754CCF4EBA8AAF3C407FA2EA2E', '9744E6CA79FC4A18820F7CEE8C88E2B0', '2018-09-15 11:24:37');
INSERT INTO `t_member_menu` VALUES ('4AE0CF77C5BC4EF89F1600F3AC205BD8', '95CE1893139A42989F485C6EAEF6B62C', '99AF43FE95114D848C3FDD4C90E37EA2', '2018-10-10 19:05:46');
INSERT INTO `t_member_menu` VALUES ('4B0D5F4ADD4440C1BC0875AC6E661F7B', 'AD2EBD754CCF4EBA8AAF3C407FA2EA2E', '1C3970418F8740689069364E0DE3FE63', '2018-09-15 11:24:37');
INSERT INTO `t_member_menu` VALUES ('55EA102BAA27430FAB06A5FA17667336', '95CE1893139A42989F485C6EAEF6B62C', '6A6E38B85B29496A9F611648B26E3F37', '2018-10-10 19:05:47');
INSERT INTO `t_member_menu` VALUES ('5B4A8BCDB3FB4922998E25A937E39C86', '95CE1893139A42989F485C6EAEF6B62C', '1C3970418F8740689069364E0DE3FE63', '2018-10-10 19:05:46');
INSERT INTO `t_member_menu` VALUES ('5BBE6597FC33478C992690862EF61D0D', '95CE1893139A42989F485C6EAEF6B62C', 'EA1653F042B04B9AB1E8543A48C8D86F', '2018-10-10 19:05:47');
INSERT INTO `t_member_menu` VALUES ('6080DE494E5A450B94615B66FF1912BC', '76EDD0A34FE346C79FCEC1F6B88FB846', '374C39102F51403796CBCC9835823610', '2018-08-08 16:28:26');
INSERT INTO `t_member_menu` VALUES ('7CC99008DE904EB897F7FCEC900D0B34', '76EDD0A34FE346C79FCEC1F6B88FB846', '9E24E9DE87264759B8D6510C3B2F6AAD', '2018-08-08 16:28:26');
INSERT INTO `t_member_menu` VALUES ('8011E870BECB4415A803E26EA9AC8568', 'AD2EBD754CCF4EBA8AAF3C407FA2EA2E', '883F4C189FE04532BC4DA30E530D3596', '2018-09-15 11:24:37');
INSERT INTO `t_member_menu` VALUES ('8601627438584579A135A96D860185E5', 'AD2EBD754CCF4EBA8AAF3C407FA2EA2E', '8AF1B6A2AD264B7E81CCF1E1D9E8DDE0', '2018-09-15 11:24:37');
INSERT INTO `t_member_menu` VALUES ('8B363E908692443A87EA0DC392D96D70', '76EDD0A34FE346C79FCEC1F6B88FB846', 'B73027AE73BA4536AF600241CC15A999', '2018-08-08 16:28:26');
INSERT INTO `t_member_menu` VALUES ('A5520BF84A764E7790AE234607C3B7B5', 'AD2EBD754CCF4EBA8AAF3C407FA2EA2E', '374C39102F51403796CBCC9835823610', '2018-09-15 11:24:37');
INSERT INTO `t_member_menu` VALUES ('AA7507F046FD4B74932C20AC12BFD8EC', '76EDD0A34FE346C79FCEC1F6B88FB846', 'DAE1CDC9CEB143E4A5D7779FF5B67D01', '2018-08-08 16:28:26');
INSERT INTO `t_member_menu` VALUES ('B46A7799CC694A099116289D5825EEA0', '95CE1893139A42989F485C6EAEF6B62C', 'A3E90824B6014D89BAF15E6316DA5AE3', '2018-10-10 19:05:46');
INSERT INTO `t_member_menu` VALUES ('C0079B9623554D709BAFB00A22B4E4FF', 'AD2EBD754CCF4EBA8AAF3C407FA2EA2E', 'A3E90824B6014D89BAF15E6316DA5AE3', '2018-09-15 11:24:37');
INSERT INTO `t_member_menu` VALUES ('C4DBEF6F240F46768D93DAA887091E5D', '95CE1893139A42989F485C6EAEF6B62C', '1744AA8E39A04489A47272B1D4B5D65B', '2018-10-10 19:05:47');
INSERT INTO `t_member_menu` VALUES ('C5A2C0BEF19B4A7183F7256F97AE01AA', '95CE1893139A42989F485C6EAEF6B62C', 'AB526CD974444DEE9F1F95FE9CDCFCAA', '2018-10-10 19:05:47');
INSERT INTO `t_member_menu` VALUES ('C796FF40FBA24DB98C5DCC49D45B8C35', '76EDD0A34FE346C79FCEC1F6B88FB846', '6167ACA6D39C481A9121FE4F93EC8D76', '2018-08-08 16:28:26');
INSERT INTO `t_member_menu` VALUES ('E4F8DDC4734149EAB7E9D9CA0ABC491D', '76EDD0A34FE346C79FCEC1F6B88FB846', '1C3970418F8740689069364E0DE3FE63', '2018-08-08 16:28:26');
INSERT INTO `t_member_menu` VALUES ('E617A9B8240842A097881B84A7DAABB3', 'AD2EBD754CCF4EBA8AAF3C407FA2EA2E', '1A436FE7F1FD4B1099F65EAC22C72F2A', '2018-09-15 11:24:37');
INSERT INTO `t_member_menu` VALUES ('F77D1F9D0883493698D51ED86D1841F7', '76EDD0A34FE346C79FCEC1F6B88FB846', 'A3E90824B6014D89BAF15E6316DA5AE3', '2018-08-08 16:28:26');
INSERT INTO `t_member_menu` VALUES ('FEB5D8306F204EE1A4808274FA84AF76', 'CB40B87F95F4470396E78651AB253AAD', '95F17F0647CA40A3A45F601F88DD703E', '2018-05-10 23:52:47');

-- ----------------------------
-- Table structure for t_member_visitor
-- ----------------------------
DROP TABLE IF EXISTS `t_member_visitor`;
CREATE TABLE `t_member_visitor` (
  `pk_id` varchar(255) NOT NULL,
  `c_memberId` varchar(255) NOT NULL,
  `c_visitorId` varchar(255) NOT NULL,
  `c_createDate` datetime NOT NULL,
  PRIMARY KEY (`pk_id`)
) ENGINE=InnoDB DEFAULT CHARSET=utf8;

-- ----------------------------
-- Records of t_member_visitor
-- ----------------------------
INSERT INTO `t_member_visitor` VALUES ('26A3EE87926740C5A31BE73E1BD16381', '705F2CBCD9434B38B6DC84B7C228FAC5', '76EDD0A34FE346C79FCEC1F6B88FB846', '2018-10-26 01:55:48');
INSERT INTO `t_member_visitor` VALUES ('6A3A774CE883438A9D3E5E785ED05937', 'null', '95CE1893139A42989F485C6EAEF6B62C', '2018-11-28 00:19:17');
INSERT INTO `t_member_visitor` VALUES ('8C095CBD7EF14D779171E6B9056E44C3', '705F2CBCD9434B38B6DC84B7C228FAC5', '28CCEA57BB474232A173CFF4897F46B2', '2018-05-15 17:46:51');

-- ----------------------------
-- Table structure for t_menu
-- ----------------------------
DROP TABLE IF EXISTS `t_menu`;
CREATE TABLE `t_menu` (
  `pk_id` varchar(255) NOT NULL,
  `c_parentId` varchar(255) DEFAULT NULL,
  `c_name` varchar(255) NOT NULL,
  `c_icon` varchar(255) DEFAULT NULL,
  `c_level` tinyint(1) NOT NULL,
  `c_status` tinyint(1) NOT NULL DEFAULT '0',
  `c_clicks` int(11) NOT NULL DEFAULT '0',
  `c_hot` tinyint(1) NOT NULL DEFAULT '0',
  `c_fresh` tinyint(1) NOT NULL DEFAULT '1',
  `c_sort` int(11) NOT NULL DEFAULT '0',
  `c_createDate` datetime NOT NULL,
  `c_createBy` varchar(255) NOT NULL,
  `c_updateDate` datetime NOT NULL,
  `c_updateBy` varchar(255) NOT NULL,
  PRIMARY KEY (`pk_id`)
) ENGINE=InnoDB DEFAULT CHARSET=utf8;

-- ----------------------------
-- Records of t_menu
-- ----------------------------
INSERT INTO `t_menu` VALUES ('004C3D6BB056461F94A4CFA415E41F32', '8989DF0F3C144396BD152690826EFBB7', '邻居代收', 'file/menu/20180629/jDcN1530208774976.png', '2', '1', '0', '0', '1', '190', '2018-06-29 01:59:42', '00DBE73A79A74B4DAE47A7B8B444408B', '2018-06-29 02:02:40', '00DBE73A79A74B4DAE47A7B8B444408B');
INSERT INTO `t_menu` VALUES ('015EF78C6964487C9119956D86909FF9', '16147726E39B487AAA1535427F9EDD96', '英语培训', 'file/menu/20180629/jNpO1530208410224.png', '2', '1', '0', '0', '1', '170', '2018-06-29 01:53:40', '00DBE73A79A74B4DAE47A7B8B444408B', '2018-06-29 01:53:40', '00DBE73A79A74B4DAE47A7B8B444408B');
INSERT INTO `t_menu` VALUES ('044E8F34449D4E5E8331B34773E3EC6C', '155A5A080E304960B0A5A4FCFC3957B1', '咨询儿科', 'file/menu/20180629/lNzv1530209647133.png', '2', '1', '0', '0', '1', '30', '2018-06-29 02:14:12', '00DBE73A79A74B4DAE47A7B8B444408B', '2018-06-29 02:14:12', '00DBE73A79A74B4DAE47A7B8B444408B');
INSERT INTO `t_menu` VALUES ('04596364851646FBBA36B922B9AC4621', '155A5A080E304960B0A5A4FCFC3957B1', '咨询妇产科', 'file/menu/20180629/IfkV1530209669591.png', '2', '1', '0', '0', '1', '50', '2018-06-29 02:14:37', '00DBE73A79A74B4DAE47A7B8B444408B', '2018-06-29 02:14:37', '00DBE73A79A74B4DAE47A7B8B444408B');
INSERT INTO `t_menu` VALUES ('053CD99DCA4946E79373E153D8D807E9', 'B25DF4DCA4B74FE48AD49524D108AB75', '艾  灸', 'file/menu/20180629/XhNZ1530209821896.png', '2', '1', '0', '0', '1', '10', '2018-06-29 02:17:10', '00DBE73A79A74B4DAE47A7B8B444408B', '2018-06-29 02:17:10', '00DBE73A79A74B4DAE47A7B8B444408B');
INSERT INTO `t_menu` VALUES ('054F553030FC4DB48919A34CC98FF7E0', null, '租赁出借', 'file/menu/20180629/LzbH1530207287763.png', '1', '1', '0', '0', '1', '180', '2018-06-29 01:35:01', '00DBE73A79A74B4DAE47A7B8B444408B', '2018-06-29 01:35:01', '00DBE73A79A74B4DAE47A7B8B444408B');
INSERT INTO `t_menu` VALUES ('06F26767ED624F36B8B7D435A46F8DA8', 'B0A1100C694E4E25A4016297F826FC9A', '球技比赛', 'file/menu/20180629/wdAR1530209990077.png', '2', '1', '0', '0', '1', '50', '2018-06-29 02:20:00', '00DBE73A79A74B4DAE47A7B8B444408B', '2018-06-29 02:20:00', '00DBE73A79A74B4DAE47A7B8B444408B');
INSERT INTO `t_menu` VALUES ('0C971F6EF7384A13BE7B578EE6BAB060', '1A51E04F91B540CBAEB1D85246A2D2F9', '广告设计', 'file/menu/20180629/hDdc1530208056121.png', '2', '1', '0', '0', '1', '50', '2018-06-29 01:47:42', '00DBE73A79A74B4DAE47A7B8B444408B', '2018-06-29 01:47:42', '00DBE73A79A74B4DAE47A7B8B444408B');
INSERT INTO `t_menu` VALUES ('0D243999D599467EBC07F72378C3F1EE', '16147726E39B487AAA1535427F9EDD96', '驾照陪练', 'file/menu/20180629/ImcU1530208295653.png', '2', '1', '0', '0', '1', '90', '2018-06-29 01:51:45', '00DBE73A79A74B4DAE47A7B8B444408B', '2018-06-29 01:51:45', '00DBE73A79A74B4DAE47A7B8B444408B');
INSERT INTO `t_menu` VALUES ('0D468AFF9BD042078A45D2DD66CF213A', '8989DF0F3C144396BD152690826EFBB7', '油漆工', 'file/menu/20180629/xKle1530209168151.png', '2', '1', '0', '0', '1', '220', '2018-06-29 02:06:13', '00DBE73A79A74B4DAE47A7B8B444408B', '2018-06-29 02:06:13', '00DBE73A79A74B4DAE47A7B8B444408B');
INSERT INTO `t_menu` VALUES ('0D83693201844675ADA8B357AACD8EB0', '8989DF0F3C144396BD152690826EFBB7', '家具翻新', 'file/menu/20180629/CkwL1530208724232.png', '2', '1', '0', '0', '1', '80', '2018-06-29 01:58:52', '00DBE73A79A74B4DAE47A7B8B444408B', '2018-06-29 01:58:52', '00DBE73A79A74B4DAE47A7B8B444408B');
INSERT INTO `t_menu` VALUES ('0F3B926C10CB41118CEDC15392462A77', '16147726E39B487AAA1535427F9EDD96', '舞蹈培训', 'file/menu/20180629/Fnqd1530208399639.png', '2', '1', '0', '0', '1', '160', '2018-06-29 01:53:26', '00DBE73A79A74B4DAE47A7B8B444408B', '2018-06-29 01:53:26', '00DBE73A79A74B4DAE47A7B8B444408B');
INSERT INTO `t_menu` VALUES ('102BFB9B3AE748FCACDA7EC68F8B966F', 'B0A1100C694E4E25A4016297F826FC9A', '登山', 'file/menu/20180629/weDj1530209945462.png', '2', '1', '0', '0', '1', '10', '2018-06-29 02:19:11', '00DBE73A79A74B4DAE47A7B8B444408B', '2018-06-29 02:19:11', '00DBE73A79A74B4DAE47A7B8B444408B');
INSERT INTO `t_menu` VALUES ('11062B411F1C4A29BF8DB7FD1ECE618F', '8989DF0F3C144396BD152690826EFBB7', '清洁服务', 'file/menu/20180629/yTmb1530208800933.png', '2', '1', '0', '0', '1', '140', '2018-06-29 02:00:09', '00DBE73A79A74B4DAE47A7B8B444408B', '2018-06-29 02:03:44', '00DBE73A79A74B4DAE47A7B8B444408B');
INSERT INTO `t_menu` VALUES ('12FD9DD60BA24FFFA234E9BEF793DBB0', '1A51E04F91B540CBAEB1D85246A2D2F9', '平面设计', 'file/menu/20180629/OJlG1530208080286.png', '2', '1', '0', '0', '1', '70', '2018-06-29 01:48:07', '00DBE73A79A74B4DAE47A7B8B444408B', '2018-06-29 01:48:07', '00DBE73A79A74B4DAE47A7B8B444408B');
INSERT INTO `t_menu` VALUES ('155A5A080E304960B0A5A4FCFC3957B1', null, '寻医问药', 'file/menu/20180629/rpPh1530207183574.png', '1', '1', '0', '0', '1', '140', '2018-06-29 01:33:19', '00DBE73A79A74B4DAE47A7B8B444408B', '2018-06-29 01:33:19', '00DBE73A79A74B4DAE47A7B8B444408B');
INSERT INTO `t_menu` VALUES ('15EB5AE3AD4645A68188A1F78B5EB13D', 'FA68133B732341F38177A5E6E1F13A2D', '私人定制', 'file/menu/20180629/aQRB1530207938951.png', '2', '1', '0', '0', '1', '150', '2018-06-29 01:45:46', '00DBE73A79A74B4DAE47A7B8B444408B', '2018-06-29 01:45:46', '00DBE73A79A74B4DAE47A7B8B444408B');
INSERT INTO `t_menu` VALUES ('16147726E39B487AAA1535427F9EDD96', null, '教育培训', 'file/menu/20180629/JCix1530203296433.png', '1', '1', '0', '0', '1', '60', '2018-06-29 00:28:27', '00DBE73A79A74B4DAE47A7B8B444408B', '2018-06-29 00:28:27', '00DBE73A79A74B4DAE47A7B8B444408B');
INSERT INTO `t_menu` VALUES ('16D45741F57A4A5CB8F2EB090DA28F22', '73363CD914124AF1A147E05B5F65543B', '农家木制', 'file/menu/20180629/VRWd1530209385218.png', '2', '1', '0', '0', '1', '30', '2018-06-29 02:09:52', '00DBE73A79A74B4DAE47A7B8B444408B', '2018-06-29 02:09:52', '00DBE73A79A74B4DAE47A7B8B444408B');
INSERT INTO `t_menu` VALUES ('1744AA8E39A04489A47272B1D4B5D65B', '714C03B306E34DA8B926B644A6D936DE', '代写报告', 'file/menu/20180629/lQiD1530207391794.png', '2', '1', '0', '0', '1', '20', '2018-06-29 01:36:39', '00DBE73A79A74B4DAE47A7B8B444408B', '2018-06-29 01:37:28', '00DBE73A79A74B4DAE47A7B8B444408B');
INSERT INTO `t_menu` VALUES ('1A11D6811D79411C80F01C11EF2C3B19', '16147726E39B487AAA1535427F9EDD96', '毕业论文', 'file/menu/20180629/lcez1530208184145.png', '2', '1', '0', '0', '1', '20', '2018-06-29 01:49:50', '00DBE73A79A74B4DAE47A7B8B444408B', '2018-06-29 01:49:50', '00DBE73A79A74B4DAE47A7B8B444408B');
INSERT INTO `t_menu` VALUES ('1A40C466B7C644AEA8AAF440F04C74BA', '1A51E04F91B540CBAEB1D85246A2D2F9', '私车保养', 'file/menu/20180629/vQMx1530208131761.png', '2', '1', '0', '0', '1', '110', '2018-06-29 01:48:59', '00DBE73A79A74B4DAE47A7B8B444408B', '2018-06-29 01:48:59', '00DBE73A79A74B4DAE47A7B8B444408B');
INSERT INTO `t_menu` VALUES ('1A436FE7F1FD4B1099F65EAC22C72F2A', 'FA68133B732341F38177A5E6E1F13A2D', '代办票务', 'file/menu/20180629/EIKd1530207758470.png', '2', '1', '0', '0', '1', '30', '2018-06-29 01:42:47', '00DBE73A79A74B4DAE47A7B8B444408B', '2018-06-29 01:42:47', '00DBE73A79A74B4DAE47A7B8B444408B');
INSERT INTO `t_menu` VALUES ('1A51E04F91B540CBAEB1D85246A2D2F9', null, '技术支持', 'file/menu/20180629/DHuV1530203146716.png', '1', '1', '0', '0', '1', '50', '2018-06-29 00:25:56', '00DBE73A79A74B4DAE47A7B8B444408B', '2018-06-29 00:25:56', '00DBE73A79A74B4DAE47A7B8B444408B');
INSERT INTO `t_menu` VALUES ('1C3970418F8740689069364E0DE3FE63', '66B07AEF06D44A6DBD40886E9C91E8B4', '围棋', 'file/menu/20180629/wxVv1530207334176.png', '2', '1', '0', '0', '1', '20', '2018-06-29 01:35:43', '00DBE73A79A74B4DAE47A7B8B444408B', '2018-06-29 01:35:43', '00DBE73A79A74B4DAE47A7B8B444408B');
INSERT INTO `t_menu` VALUES ('1C4E08F3D1B84DF4AA5E7A9211A54E1D', '714C03B306E34DA8B926B644A6D936DE', '人工翻译', 'file/menu/20180629/ROED1530207526029.png', '2', '1', '0', '0', '1', '80', '2018-06-29 01:38:54', '00DBE73A79A74B4DAE47A7B8B444408B', '2018-06-29 01:38:54', '00DBE73A79A74B4DAE47A7B8B444408B');
INSERT INTO `t_menu` VALUES ('1CC5347991F94E4EACAA0279EA624A75', '8989DF0F3C144396BD152690826EFBB7', '家电维修', 'file/menu/20180629/otYv1530208625598.png', '2', '1', '0', '0', '1', '70', '2018-06-29 01:57:13', '00DBE73A79A74B4DAE47A7B8B444408B', '2018-06-29 01:57:13', '00DBE73A79A74B4DAE47A7B8B444408B');
INSERT INTO `t_menu` VALUES ('1D09F3C1A01C48369BF062D2B7CDE354', 'CC0A2D8D1ED64438A28A8F3EB35FA5A3', '二手车', 'file/menu/20180629/eCTd1530208493458.png', '2', '1', '0', '0', '1', '10', '2018-06-29 01:55:01', '00DBE73A79A74B4DAE47A7B8B444408B', '2018-06-29 01:55:01', '00DBE73A79A74B4DAE47A7B8B444408B');
INSERT INTO `t_menu` VALUES ('1E686E4A540547088F668A326153CF04', '8989DF0F3C144396BD152690826EFBB7', '搬家服务', 'file/menu/20180629/Bxzi1530208560709.png', '2', '1', '0', '0', '1', '10', '2018-06-29 01:56:07', '00DBE73A79A74B4DAE47A7B8B444408B', '2018-06-29 01:56:07', '00DBE73A79A74B4DAE47A7B8B444408B');
INSERT INTO `t_menu` VALUES ('1F0E8D3D35EC4943881CDD5FAF6B02A8', 'B7AE2585A886472BBC44C5BC5745923E', '色彩搭配', 'file/menu/20180629/gsBW1530207671267.png', '2', '1', '0', '0', '1', '60', '2018-06-29 01:41:19', '00DBE73A79A74B4DAE47A7B8B444408B', '2018-06-29 01:41:19', '00DBE73A79A74B4DAE47A7B8B444408B');
INSERT INTO `t_menu` VALUES ('20A2F0DBF935409286BF4CA6A81FFC5C', '1A51E04F91B540CBAEB1D85246A2D2F9', '图纸设计', 'file/menu/20180629/fpoo1530208142325.png', '2', '1', '0', '0', '1', '120', '2018-06-29 01:49:07', '00DBE73A79A74B4DAE47A7B8B444408B', '2018-06-29 01:49:07', '00DBE73A79A74B4DAE47A7B8B444408B');
INSERT INTO `t_menu` VALUES ('22740372016B40DD8173007B9393AB30', '16147726E39B487AAA1535427F9EDD96', '书画培训', 'file/menu/20180629/Rqbg1530208369852.png', '2', '1', '0', '0', '1', '140', '2018-06-29 01:52:57', '00DBE73A79A74B4DAE47A7B8B444408B', '2018-06-29 01:52:57', '00DBE73A79A74B4DAE47A7B8B444408B');
INSERT INTO `t_menu` VALUES ('22FC856C27AB4922BF17B905EBF76095', '2FA262140040410DA2EE2757A1BAC547', '找货源', 'file/menu/20180629/BUrl1530209470071.png', '2', '1', '0', '0', '1', '40', '2018-06-29 02:11:16', '00DBE73A79A74B4DAE47A7B8B444408B', '2018-06-29 02:11:16', '00DBE73A79A74B4DAE47A7B8B444408B');
INSERT INTO `t_menu` VALUES ('233EE9F70B76485EA44CF985A450E8EE', 'A22C81BD4649428D9A8ACE42B9B94FF2', '菜谱咨询', 'file/menu/20180629/nLYW1530210080692.png', '2', '1', '0', '0', '1', '40', '2018-06-29 02:21:29', '00DBE73A79A74B4DAE47A7B8B444408B', '2018-06-29 02:21:29', '00DBE73A79A74B4DAE47A7B8B444408B');
INSERT INTO `t_menu` VALUES ('2413E60925744C4FB8684F0336B73CC3', '16147726E39B487AAA1535427F9EDD96', '武术培训', 'file/menu/20180629/eNVD1530208382777.png', '2', '1', '0', '0', '1', '150', '2018-06-29 01:53:15', '00DBE73A79A74B4DAE47A7B8B444408B', '2018-06-29 01:53:15', '00DBE73A79A74B4DAE47A7B8B444408B');
INSERT INTO `t_menu` VALUES ('25654EE98F2C481CA1D19DF03549510D', 'CC0A2D8D1ED64438A28A8F3EB35FA5A3', '二手房', 'file/menu/20180629/brpu1530208517206.png', '2', '1', '0', '0', '1', '20', '2018-06-29 01:55:24', '00DBE73A79A74B4DAE47A7B8B444408B', '2018-06-29 01:55:24', '00DBE73A79A74B4DAE47A7B8B444408B');
INSERT INTO `t_menu` VALUES ('2B0E48B5AA2E41319E3B8E2DF51905B6', 'FA68133B732341F38177A5E6E1F13A2D', '推广服务', 'file/menu/20180629/LvCX1530207950279.png', '2', '1', '0', '0', '1', '160', '2018-06-29 01:45:57', '00DBE73A79A74B4DAE47A7B8B444408B', '2018-06-29 01:45:57', '00DBE73A79A74B4DAE47A7B8B444408B');
INSERT INTO `t_menu` VALUES ('2E834766025C46178269A424DD5AC68A', 'B7AE2585A886472BBC44C5BC5745923E', '发型设计', 'file/menu/20180629/iBGt1530207591547.png', '2', '1', '0', '0', '1', '10', '2018-06-29 01:39:57', '00DBE73A79A74B4DAE47A7B8B444408B', '2018-06-29 01:39:57', '00DBE73A79A74B4DAE47A7B8B444408B');
INSERT INTO `t_menu` VALUES ('2F1B3E825DAF48F8AE69FE335E9990D5', 'A22C81BD4649428D9A8ACE42B9B94FF2', '投资咨询', 'file/menu/20180629/gQzs1530210144033.png', '2', '1', '0', '0', '1', '90', '2018-06-29 02:22:31', '00DBE73A79A74B4DAE47A7B8B444408B', '2018-06-29 02:22:31', '00DBE73A79A74B4DAE47A7B8B444408B');
INSERT INTO `t_menu` VALUES ('2FA262140040410DA2EE2757A1BAC547', null, '物流配送', 'file/menu/20180629/tNJF1530207138571.png', '1', '1', '0', '0', '1', '120', '2018-06-29 01:32:31', '00DBE73A79A74B4DAE47A7B8B444408B', '2018-06-29 01:32:31', '00DBE73A79A74B4DAE47A7B8B444408B');
INSERT INTO `t_menu` VALUES ('32287D2B7BA04FF895D4B44F0B6DE241', 'A22C81BD4649428D9A8ACE42B9B94FF2', '策划咨询', 'file/menu/20180629/IkQP1530210094319.png', '2', '1', '0', '0', '1', '50', '2018-06-29 02:21:43', '00DBE73A79A74B4DAE47A7B8B444408B', '2018-06-29 02:21:43', '00DBE73A79A74B4DAE47A7B8B444408B');
INSERT INTO `t_menu` VALUES ('33B394DEC7A6494A86D2276CE04C746F', '155A5A080E304960B0A5A4FCFC3957B1', '咨询五官科', 'file/menu/20180629/EbUb1530209730881.png', '2', '1', '0', '0', '1', '100', '2018-06-29 02:15:38', '00DBE73A79A74B4DAE47A7B8B444408B', '2018-06-29 02:15:38', '00DBE73A79A74B4DAE47A7B8B444408B');
INSERT INTO `t_menu` VALUES ('34D0646D69C041D9B371E4BE8B414F10', 'A664CC63E7484A15BFDA9CED456AA3F0', '聆听心声', 'file/menu/20180629/QJNE1530209248180.png', '2', '1', '0', '0', '1', '30', '2018-06-29 02:07:44', '00DBE73A79A74B4DAE47A7B8B444408B', '2018-06-29 02:07:44', '00DBE73A79A74B4DAE47A7B8B444408B');
INSERT INTO `t_menu` VALUES ('35250A111CCB4A0FBC5C9D507E82A568', '8989DF0F3C144396BD152690826EFBB7', '收废品', 'file/menu/20180629/uHDl1530208814798.png', '2', '1', '0', '0', '1', '150', '2018-06-29 02:00:21', '00DBE73A79A74B4DAE47A7B8B444408B', '2018-06-29 02:03:54', '00DBE73A79A74B4DAE47A7B8B444408B');
INSERT INTO `t_menu` VALUES ('363F2E31CB064423804830F6AF576CCE', 'B7AE2585A886472BBC44C5BC5745923E', '美甲服务', 'file/menu/20180629/vtHn1530207615911.png', '2', '1', '0', '0', '1', '30', '2018-06-29 01:40:29', '00DBE73A79A74B4DAE47A7B8B444408B', '2018-06-29 01:40:29', '00DBE73A79A74B4DAE47A7B8B444408B');
INSERT INTO `t_menu` VALUES ('374C39102F51403796CBCC9835823610', 'FA68133B732341F38177A5E6E1F13A2D', '代购服务', 'file/menu/20180629/DcVU1530207801738.png', '2', '1', '0', '0', '1', '60', '2018-06-29 01:43:32', '00DBE73A79A74B4DAE47A7B8B444408B', '2018-06-29 01:43:32', '00DBE73A79A74B4DAE47A7B8B444408B');
INSERT INTO `t_menu` VALUES ('38E2EF2D5C874C718D7E3DABE01F1528', 'B25DF4DCA4B74FE48AD49524D108AB75', '女-SPA', 'file/menu/20180629/JBtw1530209879393.png', '2', '1', '0', '0', '1', '50', '2018-06-29 02:18:08', '00DBE73A79A74B4DAE47A7B8B444408B', '2018-06-29 02:18:08', '00DBE73A79A74B4DAE47A7B8B444408B');
INSERT INTO `t_menu` VALUES ('3B961105045F4152915BE270AF450633', 'A664CC63E7484A15BFDA9CED456AA3F0', '周公解梦', 'file/menu/20180629/baQI1530209327769.png', '2', '1', '0', '0', '1', '80', '2018-06-29 02:09:05', '00DBE73A79A74B4DAE47A7B8B444408B', '2018-06-29 02:09:05', '00DBE73A79A74B4DAE47A7B8B444408B');
INSERT INTO `t_menu` VALUES ('3BEECA4969AC4A3EBAAF67E9FA393714', '8989DF0F3C144396BD152690826EFBB7', '月嫂', 'file/menu/20180629/ywfC1530209177736.png', '2', '1', '0', '0', '1', '230', '2018-06-29 02:06:23', '00DBE73A79A74B4DAE47A7B8B444408B', '2018-06-29 02:06:23', '00DBE73A79A74B4DAE47A7B8B444408B');
INSERT INTO `t_menu` VALUES ('3DD2921611A14C25BC127553E577443B', '714C03B306E34DA8B926B644A6D936DE', '调研报告', 'file/menu/20180629/hUJg1530207539332.png', '2', '1', '0', '0', '1', '90', '2018-06-29 01:39:09', '00DBE73A79A74B4DAE47A7B8B444408B', '2018-06-29 01:39:09', '00DBE73A79A74B4DAE47A7B8B444408B');
INSERT INTO `t_menu` VALUES ('3E661A30A75645B6A88C838D4CB9871A', '657FBB632AC1445A85624AB7A4C6699A', '陪K歌', 'file/menu/20180629/sNuc1530209538938.png', '2', '1', '0', '0', '1', '30', '2018-06-29 02:12:28', '00DBE73A79A74B4DAE47A7B8B444408B', '2018-06-29 02:12:28', '00DBE73A79A74B4DAE47A7B8B444408B');
INSERT INTO `t_menu` VALUES ('3EB2D0E49E964BCAA0EE2FEA6B3D4097', '8989DF0F3C144396BD152690826EFBB7', '干洗服务', 'file/menu/20180629/okSr1530208614723.png', '2', '1', '0', '0', '1', '60', '2018-06-29 01:57:00', '00DBE73A79A74B4DAE47A7B8B444408B', '2018-06-29 01:57:00', '00DBE73A79A74B4DAE47A7B8B444408B');
INSERT INTO `t_menu` VALUES ('41503A8CFB3C4B11874DC6EBB5C3F0EF', '16147726E39B487AAA1535427F9EDD96', '国学培训', 'file/menu/20180629/ORYx1530208263935.png', '2', '1', '0', '0', '1', '70', '2018-06-29 01:51:12', '00DBE73A79A74B4DAE47A7B8B444408B', '2018-06-29 01:51:12', '00DBE73A79A74B4DAE47A7B8B444408B');
INSERT INTO `t_menu` VALUES ('458B65402BAA447487F9EFFBC153B2AD', '054F553030FC4DB48919A34CC98FF7E0', '假日民宿', 'file/menu/20180629/ZbzC1530210251681.png', '2', '1', '0', '0', '1', '50', '2018-06-29 02:24:19', '00DBE73A79A74B4DAE47A7B8B444408B', '2018-06-29 02:24:19', '00DBE73A79A74B4DAE47A7B8B444408B');
INSERT INTO `t_menu` VALUES ('465C4680A41D4EDFAA54DCCA7AD7AB7B', '054F553030FC4DB48919A34CC98FF7E0', '设备租赁', 'file/menu/20180629/AxlI1530210289289.png', '2', '1', '0', '0', '1', '80', '2018-06-29 02:24:58', '00DBE73A79A74B4DAE47A7B8B444408B', '2018-06-29 02:24:58', '00DBE73A79A74B4DAE47A7B8B444408B');
INSERT INTO `t_menu` VALUES ('4AADA4FEA5A142868C0DF4250438683C', '73363CD914124AF1A147E05B5F65543B', '农家干货', 'file/menu/20180629/qFgr1530209355474.png', '2', '1', '0', '0', '1', '10', '2018-06-29 02:09:24', '00DBE73A79A74B4DAE47A7B8B444408B', '2018-06-29 02:09:24', '00DBE73A79A74B4DAE47A7B8B444408B');
INSERT INTO `t_menu` VALUES ('4AC081A599E849B78F5AB227517BDE38', 'FA68133B732341F38177A5E6E1F13A2D', '跑腿代办', 'file/menu/20180629/fEZn1530207893067.png', '2', '1', '0', '0', '1', '120', '2018-06-29 01:45:00', '00DBE73A79A74B4DAE47A7B8B444408B', '2018-06-29 01:45:00', '00DBE73A79A74B4DAE47A7B8B444408B');
INSERT INTO `t_menu` VALUES ('4D781D76ADA24F11B16A18B5D42101B4', 'B7AE2585A886472BBC44C5BC5745923E', '丰胸提臀', 'file/menu/20180629/iLwI1530207602676.png', '2', '1', '0', '0', '1', '20', '2018-06-29 01:40:11', '00DBE73A79A74B4DAE47A7B8B444408B', '2018-06-29 01:40:11', '00DBE73A79A74B4DAE47A7B8B444408B');
INSERT INTO `t_menu` VALUES ('4DDF18F684F44A35A7EF4FC2A502D9E2', '8989DF0F3C144396BD152690826EFBB7', '运水服务', 'file/menu/20180629/imTa1530209094028.png', '2', '1', '0', '0', '1', '160', '2018-06-29 02:05:12', '00DBE73A79A74B4DAE47A7B8B444408B', '2018-06-29 02:05:34', '00DBE73A79A74B4DAE47A7B8B444408B');
INSERT INTO `t_menu` VALUES ('50798538157247C29A9996ED3C86EB59', 'A664CC63E7484A15BFDA9CED456AA3F0', '文学沙龙', 'file/menu/20180629/xyAU1530209315928.png', '2', '1', '0', '0', '1', '70', '2018-06-29 02:08:44', '00DBE73A79A74B4DAE47A7B8B444408B', '2018-06-29 02:08:44', '00DBE73A79A74B4DAE47A7B8B444408B');
INSERT INTO `t_menu` VALUES ('51B9FFF3C9FB408495D32C1DA26E4CC2', '657FBB632AC1445A85624AB7A4C6699A', '品茶论道', 'file/menu/20180629/roga1530209597117.png', '2', '1', '0', '0', '1', '70', '2018-06-29 02:13:26', '00DBE73A79A74B4DAE47A7B8B444408B', '2018-06-29 02:13:26', '00DBE73A79A74B4DAE47A7B8B444408B');
INSERT INTO `t_menu` VALUES ('525406A634884F92B6A9E6EB142D5CCD', 'A22C81BD4649428D9A8ACE42B9B94FF2', '财税咨询', 'file/menu/20180629/twtV1530210070465.png', '2', '1', '0', '0', '1', '30', '2018-06-29 02:21:17', '00DBE73A79A74B4DAE47A7B8B444408B', '2018-06-29 02:21:17', '00DBE73A79A74B4DAE47A7B8B444408B');
INSERT INTO `t_menu` VALUES ('54445F78DA894731BE3AC63CA65E81CF', '16147726E39B487AAA1535427F9EDD96', '公务员考试', 'file/menu/20180629/ajnP1530208216260.png', '2', '1', '0', '0', '1', '50', '2018-06-29 01:50:23', '00DBE73A79A74B4DAE47A7B8B444408B', '2018-06-29 01:50:23', '00DBE73A79A74B4DAE47A7B8B444408B');
INSERT INTO `t_menu` VALUES ('5785CD90686143B585F098D06CAC8E8A', '155A5A080E304960B0A5A4FCFC3957B1', '咨询针灸', 'file/menu/20180629/YAln1530209771525.png', '2', '1', '0', '0', '1', '130', '2018-06-29 02:16:18', '00DBE73A79A74B4DAE47A7B8B444408B', '2018-06-29 02:16:18', '00DBE73A79A74B4DAE47A7B8B444408B');
INSERT INTO `t_menu` VALUES ('5C7489100B264C998135F6BE55390CD4', '714C03B306E34DA8B926B644A6D936DE', '代写总结', 'file/menu/20180629/hqhz1530207421296.png', '2', '1', '0', '0', '1', '40', '2018-06-29 01:37:14', '00DBE73A79A74B4DAE47A7B8B444408B', '2018-06-29 01:37:14', '00DBE73A79A74B4DAE47A7B8B444408B');
INSERT INTO `t_menu` VALUES ('5F9CB361FC03418299962C9F07E823C5', '16147726E39B487AAA1535427F9EDD96', '升初辅导', 'file/menu/20180629/SBWE1530208355865.png', '2', '1', '0', '0', '1', '130', '2018-06-29 01:52:45', '00DBE73A79A74B4DAE47A7B8B444408B', '2018-06-29 01:52:45', '00DBE73A79A74B4DAE47A7B8B444408B');
INSERT INTO `t_menu` VALUES ('6098443E700F4977B40B15F17B323728', '1A51E04F91B540CBAEB1D85246A2D2F9', '电脑维修', 'file/menu/20180629/KbUR1530208042576.png', '2', '1', '0', '0', '1', '40', '2018-06-29 01:47:30', '00DBE73A79A74B4DAE47A7B8B444408B', '2018-06-29 01:47:30', '00DBE73A79A74B4DAE47A7B8B444408B');
INSERT INTO `t_menu` VALUES ('614D7A0FCE954BCDA1E8F25E682783AA', 'FA68133B732341F38177A5E6E1F13A2D', '临时代驾', 'file/menu/20180629/SfIB1530207861946.png', '2', '1', '0', '0', '1', '100', '2018-06-29 01:44:31', '00DBE73A79A74B4DAE47A7B8B444408B', '2018-06-29 01:44:31', '00DBE73A79A74B4DAE47A7B8B444408B');
INSERT INTO `t_menu` VALUES ('6167ACA6D39C481A9121FE4F93EC8D76', '66B07AEF06D44A6DBD40886E9C91E8B4', '国际象棋', 'file/menu/20180629/MKry1530207320782.png', '2', '1', '1', '0', '1', '10', '2018-06-29 01:35:29', '00DBE73A79A74B4DAE47A7B8B444408B', '2018-06-29 01:35:29', '00DBE73A79A74B4DAE47A7B8B444408B');
INSERT INTO `t_menu` VALUES ('63A716DDB3C24007AB7EACF7B0BF7495', 'FA68133B732341F38177A5E6E1F13A2D', '主持人', 'file/menu/20180629/CzUc1530207979197.png', '2', '1', '0', '0', '1', '180', '2018-06-29 01:46:25', '00DBE73A79A74B4DAE47A7B8B444408B', '2018-06-29 01:46:25', '00DBE73A79A74B4DAE47A7B8B444408B');
INSERT INTO `t_menu` VALUES ('6416A8AA2DAB48AF8456969F70E17E5F', '8989DF0F3C144396BD152690826EFBB7', '假日拼车', 'file/menu/20180629/LEYD1530208737423.png', '2', '1', '0', '0', '1', '110', '2018-06-29 01:59:07', '00DBE73A79A74B4DAE47A7B8B444408B', '2018-06-29 01:59:07', '00DBE73A79A74B4DAE47A7B8B444408B');
INSERT INTO `t_menu` VALUES ('657FBB632AC1445A85624AB7A4C6699A', null, '休闲娱乐', 'file/menu/20180629/sVyh1530207163980.png', '1', '1', '0', '0', '1', '130', '2018-06-29 01:32:53', '00DBE73A79A74B4DAE47A7B8B444408B', '2018-06-29 01:32:53', '00DBE73A79A74B4DAE47A7B8B444408B');
INSERT INTO `t_menu` VALUES ('66B07AEF06D44A6DBD40886E9C91E8B4', null, 'PK竞技', 'file/menu/20180628/FCAk1530200603901.png', '1', '1', '0', '0', '1', '10', '2018-06-28 23:43:27', '00DBE73A79A74B4DAE47A7B8B444408B', '2018-06-28 23:43:27', '00DBE73A79A74B4DAE47A7B8B444408B');
INSERT INTO `t_menu` VALUES ('6765BFBDA71C49FEAF5445364F7BA640', '2FA262140040410DA2EE2757A1BAC547', '顺丰托运', 'file/menu/20180629/zyfX1530209432145.png', '2', '1', '0', '0', '1', '10', '2018-06-29 02:10:38', '00DBE73A79A74B4DAE47A7B8B444408B', '2018-06-29 02:10:38', '00DBE73A79A74B4DAE47A7B8B444408B');
INSERT INTO `t_menu` VALUES ('697F889B15AE421BB96C0DA7645FD5C5', '1A51E04F91B540CBAEB1D85246A2D2F9', '机电维修', 'file/menu/20180629/aKpz1530208068391.png', '2', '1', '0', '0', '1', '60', '2018-06-29 01:47:56', '00DBE73A79A74B4DAE47A7B8B444408B', '2018-06-29 01:47:56', '00DBE73A79A74B4DAE47A7B8B444408B');
INSERT INTO `t_menu` VALUES ('6A6E38B85B29496A9F611648B26E3F37', '714C03B306E34DA8B926B644A6D936DE', '定制字画', 'file/menu/20180629/PKhv1530207498135.png', '2', '1', '0', '0', '1', '60', '2018-06-29 01:38:28', '00DBE73A79A74B4DAE47A7B8B444408B', '2018-06-29 01:38:28', '00DBE73A79A74B4DAE47A7B8B444408B');
INSERT INTO `t_menu` VALUES ('6ABBAB2DDBA54505B2F1C905AD4F6101', '16147726E39B487AAA1535427F9EDD96', '职称考试辅导', 'file/menu/20180629/QUvm1530208428945.png', '2', '1', '0', '0', '1', '180', '2018-06-29 01:54:06', '00DBE73A79A74B4DAE47A7B8B444408B', '2018-06-29 01:54:14', '00DBE73A79A74B4DAE47A7B8B444408B');
INSERT INTO `t_menu` VALUES ('714C03B306E34DA8B926B644A6D936DE', null, '代笔写作', 'file/menu/20180629/rmvS1530203055918.png', '1', '1', '0', '0', '1', '20', '2018-06-29 00:24:39', '00DBE73A79A74B4DAE47A7B8B444408B', '2018-06-29 00:24:39', '00DBE73A79A74B4DAE47A7B8B444408B');
INSERT INTO `t_menu` VALUES ('728ECC80688741B79414B7327EBD051E', '16147726E39B487AAA1535427F9EDD96', '礼仪培训', 'file/menu/20180629/gxTg1530208324574.png', '2', '1', '0', '0', '1', '110', '2018-06-29 01:52:14', '00DBE73A79A74B4DAE47A7B8B444408B', '2018-06-29 01:52:14', '00DBE73A79A74B4DAE47A7B8B444408B');
INSERT INTO `t_menu` VALUES ('731C12BDB36E4BA18683896C81E2BD62', '16147726E39B487AAA1535427F9EDD96', '作文辅导', 'file/menu/20180629/VRzh1530208474435.png', '2', '1', '0', '0', '1', '200', '2018-06-29 01:54:42', '00DBE73A79A74B4DAE47A7B8B444408B', '2018-06-29 01:54:42', '00DBE73A79A74B4DAE47A7B8B444408B');
INSERT INTO `t_menu` VALUES ('73363CD914124AF1A147E05B5F65543B', null, '农家自贸', 'file/menu/20180629/qSxk1530207097192.png', '1', '1', '0', '0', '1', '100', '2018-06-29 01:31:51', '00DBE73A79A74B4DAE47A7B8B444408B', '2018-06-29 01:31:51', '00DBE73A79A74B4DAE47A7B8B444408B');
INSERT INTO `t_menu` VALUES ('7890D3BA54F94F32B79FFFF62808E951', 'A664CC63E7484A15BFDA9CED456AA3F0', '交友', 'file/menu/20180629/UFJK1530209239783.png', '2', '1', '0', '0', '1', '20', '2018-06-29 02:07:25', '00DBE73A79A74B4DAE47A7B8B444408B', '2018-06-29 02:07:25', '00DBE73A79A74B4DAE47A7B8B444408B');
INSERT INTO `t_menu` VALUES ('7BE4600B71F94B70B85DD5E60996CBC8', '155A5A080E304960B0A5A4FCFC3957B1', '上门出诊', 'file/menu/20180629/ZmQo1530209623014.png', '2', '1', '0', '0', '1', '10', '2018-06-29 02:13:50', '00DBE73A79A74B4DAE47A7B8B444408B', '2018-06-29 02:13:50', '00DBE73A79A74B4DAE47A7B8B444408B');
INSERT INTO `t_menu` VALUES ('7C0E317CB2D24CEBB634593B049B5B4A', '054F553030FC4DB48919A34CC98FF7E0', '假日租车', 'file/menu/20180629/NHlT1530210262973.png', '2', '1', '0', '0', '1', '60', '2018-06-29 02:24:30', '00DBE73A79A74B4DAE47A7B8B444408B', '2018-06-29 02:24:30', '00DBE73A79A74B4DAE47A7B8B444408B');
INSERT INTO `t_menu` VALUES ('7E4797DBB83D4C9FAAF28A86FF6FB1AC', '155A5A080E304960B0A5A4FCFC3957B1', '咨询皮肤科', 'file/menu/20180629/Hjhq1530209719571.png', '2', '1', '0', '0', '1', '90', '2018-06-29 02:15:26', '00DBE73A79A74B4DAE47A7B8B444408B', '2018-06-29 02:15:26', '00DBE73A79A74B4DAE47A7B8B444408B');
INSERT INTO `t_menu` VALUES ('7E6D5EC8E0D1412CB52288633A7C9089', 'A22C81BD4649428D9A8ACE42B9B94FF2', '保险咨询', 'file/menu/20180629/YJyx1530210060775.png', '2', '1', '0', '0', '1', '20', '2018-06-29 02:21:06', '00DBE73A79A74B4DAE47A7B8B444408B', '2018-06-29 02:21:06', '00DBE73A79A74B4DAE47A7B8B444408B');
INSERT INTO `t_menu` VALUES ('7FCC2EF55CCF4123A44D0ACFE6AD1882', '714C03B306E34DA8B926B644A6D936DE', '代制PPT', 'file/menu/20180629/Tklr1530207478799.png', '2', '1', '0', '0', '1', '50', '2018-06-29 01:38:11', '00DBE73A79A74B4DAE47A7B8B444408B', '2018-06-29 01:38:11', '00DBE73A79A74B4DAE47A7B8B444408B');
INSERT INTO `t_menu` VALUES ('805EE2960EAC457AAF9B454D18DE4D80', 'B25DF4DCA4B74FE48AD49524D108AB75', '男-SPA', 'file/menu/20180629/hbZa1530209865570.png', '2', '1', '0', '0', '1', '40', '2018-06-29 02:17:56', '00DBE73A79A74B4DAE47A7B8B444408B', '2018-06-29 02:17:56', '00DBE73A79A74B4DAE47A7B8B444408B');
INSERT INTO `t_menu` VALUES ('80D5AD4CB1584516B82BE9B2E8BFCDB2', 'B25DF4DCA4B74FE48AD49524D108AB75', '养生足疗', 'file/menu/20180629/kDKt1530209914846.png', '2', '1', '0', '0', '1', '80', '2018-06-29 02:18:43', '00DBE73A79A74B4DAE47A7B8B444408B', '2018-06-29 02:18:43', '00DBE73A79A74B4DAE47A7B8B444408B');
INSERT INTO `t_menu` VALUES ('8176AA2216484E3286A18B07C54BB1B6', 'FA68133B732341F38177A5E6E1F13A2D', '代收货款', 'file/menu/20180629/UcrW1530207818933.png', '2', '1', '0', '0', '1', '70', '2018-06-29 01:43:50', '00DBE73A79A74B4DAE47A7B8B444408B', '2018-06-29 01:43:50', '00DBE73A79A74B4DAE47A7B8B444408B');
INSERT INTO `t_menu` VALUES ('81CB2DD750284143BE2896CF63B12AE8', 'B0A1100C694E4E25A4016297F826FC9A', '探险运动', 'file/menu/20180629/jIvQ1530210003354.png', '2', '1', '0', '0', '1', '60', '2018-06-29 02:20:10', '00DBE73A79A74B4DAE47A7B8B444408B', '2018-06-29 02:20:10', '00DBE73A79A74B4DAE47A7B8B444408B');
INSERT INTO `t_menu` VALUES ('82AE82E0B8F84C698A17E0696CA429C5', 'A22C81BD4649428D9A8ACE42B9B94FF2', '管理咨询', 'file/menu/20180629/LczJ1530210120013.png', '2', '1', '0', '0', '1', '70', '2018-06-29 02:22:06', '00DBE73A79A74B4DAE47A7B8B444408B', '2018-06-29 02:22:06', '00DBE73A79A74B4DAE47A7B8B444408B');
INSERT INTO `t_menu` VALUES ('82B6AFFB627E4AB6BFFE77832B80D540', 'FA68133B732341F38177A5E6E1F13A2D', '十字刺绣', 'file/menu/20180629/GtyO1530207924604.png', '2', '1', '0', '0', '1', '140', '2018-06-29 01:45:33', '00DBE73A79A74B4DAE47A7B8B444408B', '2018-06-29 01:45:33', '00DBE73A79A74B4DAE47A7B8B444408B');
INSERT INTO `t_menu` VALUES ('83A3E6D1742B4A8A9EF9796F7A30188D', '73363CD914124AF1A147E05B5F65543B', '农家粮油', 'file/menu/20180629/TKnt1530209370052.png', '2', '1', '0', '0', '1', '20', '2018-06-29 02:09:40', '00DBE73A79A74B4DAE47A7B8B444408B', '2018-06-29 02:09:40', '00DBE73A79A74B4DAE47A7B8B444408B');
INSERT INTO `t_menu` VALUES ('8669566B9A9D4090AD55209BE548EC47', '8989DF0F3C144396BD152690826EFBB7', '邻居炒菜', 'file/menu/20180629/dSXu1530208763162.png', '2', '1', '0', '0', '1', '180', '2018-06-29 01:59:30', '00DBE73A79A74B4DAE47A7B8B444408B', '2018-06-29 02:02:21', '00DBE73A79A74B4DAE47A7B8B444408B');
INSERT INTO `t_menu` VALUES ('878C1E1DD6D74F06B4C785939AFBEEA9', 'B25DF4DCA4B74FE48AD49524D108AB75', '刮  痧', 'file/menu/20180629/XxCH1530209833982.png', '2', '1', '0', '0', '1', '20', '2018-06-29 02:17:21', '00DBE73A79A74B4DAE47A7B8B444408B', '2018-06-29 02:17:21', '00DBE73A79A74B4DAE47A7B8B444408B');
INSERT INTO `t_menu` VALUES ('883F4C189FE04532BC4DA30E530D3596', 'B7AE2585A886472BBC44C5BC5745923E', '形象设计', 'file/menu/20180629/bNpg1530207698100.png', '2', '1', '0', '0', '1', '70', '2018-06-29 01:41:48', '00DBE73A79A74B4DAE47A7B8B444408B', '2018-06-29 01:41:48', '00DBE73A79A74B4DAE47A7B8B444408B');
INSERT INTO `t_menu` VALUES ('88ED8FD4144E4A24A5CEF6B6C83E4B6D', 'CC0A2D8D1ED64438A28A8F3EB35FA5A3', '旧家电', 'file/menu/20180629/xNYZ1530208538900.png', '2', '1', '0', '0', '1', '40', '2018-06-29 01:55:49', '00DBE73A79A74B4DAE47A7B8B444408B', '2018-06-29 01:55:49', '00DBE73A79A74B4DAE47A7B8B444408B');
INSERT INTO `t_menu` VALUES ('897805FE74F94E01AD3FA24D7E4D3CBB', '714C03B306E34DA8B926B644A6D936DE', '图文处理', 'file/menu/20180629/FhoH1530207554346.png', '2', '1', '0', '0', '1', '100', '2018-06-29 01:39:27', '00DBE73A79A74B4DAE47A7B8B444408B', '2018-06-29 01:39:27', '00DBE73A79A74B4DAE47A7B8B444408B');
INSERT INTO `t_menu` VALUES ('8989DF0F3C144396BD152690826EFBB7', null, '居家生活', 'file/menu/20180629/DzOw1530203340996.png', '1', '1', '0', '0', '1', '80', '2018-06-29 00:29:14', '00DBE73A79A74B4DAE47A7B8B444408B', '2018-06-29 00:29:14', '00DBE73A79A74B4DAE47A7B8B444408B');
INSERT INTO `t_menu` VALUES ('89CCFF3B342648DD9657C36B9DA2EF73', '155A5A080E304960B0A5A4FCFC3957B1', '咨询肝科', 'file/menu/20180629/DBCf1530209692732.png', '2', '1', '0', '0', '1', '70', '2018-06-29 02:15:04', '00DBE73A79A74B4DAE47A7B8B444408B', '2018-06-29 02:15:04', '00DBE73A79A74B4DAE47A7B8B444408B');
INSERT INTO `t_menu` VALUES ('8A0B48CDEC704231A11BFEE8321758D4', '2FA262140040410DA2EE2757A1BAC547', '专线托运', 'file/menu/20180629/jrIx1530209493762.png', '2', '1', '0', '0', '1', '60', '2018-06-29 02:11:41', '00DBE73A79A74B4DAE47A7B8B444408B', '2018-06-29 02:11:41', '00DBE73A79A74B4DAE47A7B8B444408B');
INSERT INTO `t_menu` VALUES ('8AF1B6A2AD264B7E81CCF1E1D9E8DDE0', 'FA68133B732341F38177A5E6E1F13A2D', '道路救援', 'file/menu/20180629/vjAW1530207836513.png', '2', '1', '0', '0', '1', '80', '2018-06-29 01:44:05', '00DBE73A79A74B4DAE47A7B8B444408B', '2018-06-29 01:44:05', '00DBE73A79A74B4DAE47A7B8B444408B');
INSERT INTO `t_menu` VALUES ('8B502560D49E4619AA6FA4F7BD56BD4A', '8989DF0F3C144396BD152690826EFBB7', '邻居美食', 'file/menu/20180629/SclS1530208786366.png', '2', '1', '0', '0', '1', '200', '2018-06-29 01:59:56', '00DBE73A79A74B4DAE47A7B8B444408B', '2018-06-29 02:02:49', '00DBE73A79A74B4DAE47A7B8B444408B');
INSERT INTO `t_menu` VALUES ('8DCA37AF2647411F929EEFCB32008106', '8989DF0F3C144396BD152690826EFBB7', '家庭医护', 'file/menu/20180629/Cych1530208638902.png', '2', '1', '0', '0', '1', '90', '2018-06-29 01:57:29', '00DBE73A79A74B4DAE47A7B8B444408B', '2018-06-29 01:58:39', '00DBE73A79A74B4DAE47A7B8B444408B');
INSERT INTO `t_menu` VALUES ('8F6566FBB64D46AE86CBA06742BC987A', '155A5A080E304960B0A5A4FCFC3957B1', '咨询肠胃科', 'file/menu/20180629/ZQNQ1530209635612.png', '2', '1', '0', '0', '1', '20', '2018-06-29 02:14:03', '00DBE73A79A74B4DAE47A7B8B444408B', '2018-06-29 02:14:03', '00DBE73A79A74B4DAE47A7B8B444408B');
INSERT INTO `t_menu` VALUES ('90D54BBAF0254EE7BDE7901A1A076BCB', 'A664CC63E7484A15BFDA9CED456AA3F0', '矛盾调节', 'file/menu/20180629/Pdcb1530209270394.png', '2', '1', '0', '0', '1', '40', '2018-06-29 02:07:58', '00DBE73A79A74B4DAE47A7B8B444408B', '2018-06-29 02:07:58', '00DBE73A79A74B4DAE47A7B8B444408B');
INSERT INTO `t_menu` VALUES ('914B622A0B8343B4900663E87CDC460E', 'B7AE2585A886472BBC44C5BC5745923E', '美容养颜', 'file/menu/20180629/pBnG1530207633146.png', '2', '1', '0', '0', '1', '40', '2018-06-29 01:40:40', '00DBE73A79A74B4DAE47A7B8B444408B', '2018-06-29 01:40:40', '00DBE73A79A74B4DAE47A7B8B444408B');
INSERT INTO `t_menu` VALUES ('939AF001009C49C69634D8B9530A9AB9', '16147726E39B487AAA1535427F9EDD96', '奥数辅导', 'file/menu/20180629/fqVL1530208173806.png', '2', '1', '0', '0', '1', '10', '2018-06-29 01:49:39', '00DBE73A79A74B4DAE47A7B8B444408B', '2018-06-29 01:49:39', '00DBE73A79A74B4DAE47A7B8B444408B');
INSERT INTO `t_menu` VALUES ('9436B89C8FF44F4D80FD967F049F7946', '8989DF0F3C144396BD152690826EFBB7', '送气服务', 'file/menu/20180629/pvnt1530208843424.png', '2', '1', '0', '0', '1', '170', '2018-06-29 02:00:54', '00DBE73A79A74B4DAE47A7B8B444408B', '2018-06-29 02:00:54', '00DBE73A79A74B4DAE47A7B8B444408B');
INSERT INTO `t_menu` VALUES ('9744E6CA79FC4A18820F7CEE8C88E2B0', 'FA68133B732341F38177A5E6E1F13A2D', '加工服务', 'file/menu/20180629/oGwy1530207849100.png', '2', '1', '0', '0', '1', '90', '2018-06-29 01:44:15', '00DBE73A79A74B4DAE47A7B8B444408B', '2018-06-29 01:44:15', '00DBE73A79A74B4DAE47A7B8B444408B');
INSERT INTO `t_menu` VALUES ('974C29C8BB044CEC887A68F4DDC91688', '054F553030FC4DB48919A34CC98FF7E0', '仓库出租', 'file/menu/20180629/BbSC1530210207052.png', '2', '1', '0', '0', '1', '10', '2018-06-29 02:23:34', '00DBE73A79A74B4DAE47A7B8B444408B', '2018-06-29 02:23:34', '00DBE73A79A74B4DAE47A7B8B444408B');
INSERT INTO `t_menu` VALUES ('97AEA6BF212F428794B09C6056A3FA7D', '8989DF0F3C144396BD152690826EFBB7', '接送服务', 'file/menu/20180629/ykgS1530208752203.png', '2', '1', '0', '0', '1', '120', '2018-06-29 01:59:18', '00DBE73A79A74B4DAE47A7B8B444408B', '2018-06-29 01:59:18', '00DBE73A79A74B4DAE47A7B8B444408B');
INSERT INTO `t_menu` VALUES ('9805846B1F924BB895D91371050DCCB5', '714C03B306E34DA8B926B644A6D936DE', '专题报告', 'file/menu/20180629/TKKD1530207574009.png', '2', '1', '0', '0', '1', '110', '2018-06-29 01:39:42', '00DBE73A79A74B4DAE47A7B8B444408B', '2018-06-29 01:39:42', '00DBE73A79A74B4DAE47A7B8B444408B');
INSERT INTO `t_menu` VALUES ('9812193BD65B4662BBDE8EEC81CF481B', '16147726E39B487AAA1535427F9EDD96', '中考辅导', 'file/menu/20180629/FpDZ1530208460722.png', '2', '1', '0', '0', '1', '190', '2018-06-29 01:54:29', '00DBE73A79A74B4DAE47A7B8B444408B', '2018-06-29 01:54:29', '00DBE73A79A74B4DAE47A7B8B444408B');
INSERT INTO `t_menu` VALUES ('98954AB9ABDC45199598D90A29A4033B', 'B25DF4DCA4B74FE48AD49524D108AB75', '推  拿', 'file/menu/20180629/GGuQ1530209902570.png', '2', '1', '0', '0', '1', '70', '2018-06-29 02:18:31', '00DBE73A79A74B4DAE47A7B8B444408B', '2018-06-29 02:18:31', '00DBE73A79A74B4DAE47A7B8B444408B');
INSERT INTO `t_menu` VALUES ('9911353288CD416BBBB874A1F73A4E28', '16147726E39B487AAA1535427F9EDD96', '管乐培训', 'file/menu/20180629/ADFq1530208230099.png', '2', '1', '0', '0', '1', '60', '2018-06-29 01:50:43', '00DBE73A79A74B4DAE47A7B8B444408B', '2018-06-29 01:50:57', '00DBE73A79A74B4DAE47A7B8B444408B');
INSERT INTO `t_menu` VALUES ('99AF43FE95114D848C3FDD4C90E37EA2', '66B07AEF06D44A6DBD40886E9C91E8B4', '中国象棋', 'file/menu/20180629/fJxo1530207358961.png', '2', '1', '0', '0', '1', '40', '2018-06-29 01:36:08', '00DBE73A79A74B4DAE47A7B8B444408B', '2018-06-29 01:36:08', '00DBE73A79A74B4DAE47A7B8B444408B');
INSERT INTO `t_menu` VALUES ('9CA290982A984FB29ADD039E5980E451', 'CC0A2D8D1ED64438A28A8F3EB35FA5A3', '二手闲置', 'file/menu/20180629/khAH1530208528719.png', '2', '1', '0', '0', '1', '30', '2018-06-29 01:55:35', '00DBE73A79A74B4DAE47A7B8B444408B', '2018-06-29 01:55:35', '00DBE73A79A74B4DAE47A7B8B444408B');
INSERT INTO `t_menu` VALUES ('9CF65195B5A44416B93E61C8E46E42FB', '73363CD914124AF1A147E05B5F65543B', '山田野味', 'file/menu/20180629/CgDx1530209408916.png', '2', '1', '0', '0', '1', '50', '2018-06-29 02:10:17', '00DBE73A79A74B4DAE47A7B8B444408B', '2018-06-29 02:10:17', '00DBE73A79A74B4DAE47A7B8B444408B');
INSERT INTO `t_menu` VALUES ('9D37D112CFBD4868BF1960B97AB0944E', 'A664CC63E7484A15BFDA9CED456AA3F0', '听禅悟道', 'file/menu/20180629/WaGn1530209298513.png', '2', '1', '0', '0', '1', '60', '2018-06-29 02:08:31', '00DBE73A79A74B4DAE47A7B8B444408B', '2018-06-29 02:08:31', '00DBE73A79A74B4DAE47A7B8B444408B');
INSERT INTO `t_menu` VALUES ('9DA75864B5054B518AECC699C449F1C4', '8989DF0F3C144396BD152690826EFBB7', '催乳师', 'file/menu/20180629/QFGk1530208592107.png', '2', '1', '0', '0', '1', '40', '2018-06-29 01:56:36', '00DBE73A79A74B4DAE47A7B8B444408B', '2018-06-29 01:56:36', '00DBE73A79A74B4DAE47A7B8B444408B');
INSERT INTO `t_menu` VALUES ('9E24E9DE87264759B8D6510C3B2F6AAD', 'FA68133B732341F38177A5E6E1F13A2D', '代办证照', 'file/menu/20180629/BVnq1530207784636.png', '2', '1', '0', '0', '1', '50', '2018-06-29 01:43:16', '00DBE73A79A74B4DAE47A7B8B444408B', '2018-06-29 01:43:16', '00DBE73A79A74B4DAE47A7B8B444408B');
INSERT INTO `t_menu` VALUES ('A0949AB7284E4235BDA0FCF65BE5469F', 'FA68133B732341F38177A5E6E1F13A2D', '押韵护送', 'file/menu/20180629/GKxY1530207961336.png', '2', '1', '0', '0', '1', '170', '2018-06-29 01:46:11', '00DBE73A79A74B4DAE47A7B8B444408B', '2018-06-29 01:46:35', '00DBE73A79A74B4DAE47A7B8B444408B');
INSERT INTO `t_menu` VALUES ('A22C81BD4649428D9A8ACE42B9B94FF2', null, '咨询顾问', 'file/menu/20180629/wBcF1530207268236.png', '1', '1', '0', '0', '1', '170', '2018-06-29 01:34:40', '00DBE73A79A74B4DAE47A7B8B444408B', '2018-06-29 01:34:40', '00DBE73A79A74B4DAE47A7B8B444408B');
INSERT INTO `t_menu` VALUES ('A2339F20A49A4B0D9AF9ACD07A7792C6', 'B25DF4DCA4B74FE48AD49524D108AB75', '桑拿排毒', 'file/menu/20180629/ATTd1530209892525.png', '2', '1', '0', '0', '1', '60', '2018-06-29 02:18:19', '00DBE73A79A74B4DAE47A7B8B444408B', '2018-06-29 02:18:19', '00DBE73A79A74B4DAE47A7B8B444408B');
INSERT INTO `t_menu` VALUES ('A39A668641134D75BF05303F97906A47', '16147726E39B487AAA1535427F9EDD96', '高考辅导', 'file/menu/20180629/eyUP1530208203585.png', '2', '1', '0', '0', '1', '40', '2018-06-29 01:50:12', '00DBE73A79A74B4DAE47A7B8B444408B', '2018-06-29 01:50:12', '00DBE73A79A74B4DAE47A7B8B444408B');
INSERT INTO `t_menu` VALUES ('A3CFC3D0EC724924A9D97CC8F64D838A', 'FA68133B732341F38177A5E6E1F13A2D', '代办庆典', 'file/menu/20180629/eeJT1530207770946.png', '2', '1', '0', '0', '1', '40', '2018-06-29 01:43:00', '00DBE73A79A74B4DAE47A7B8B444408B', '2018-06-29 01:43:00', '00DBE73A79A74B4DAE47A7B8B444408B');
INSERT INTO `t_menu` VALUES ('A3E90824B6014D89BAF15E6316DA5AE3', '66B07AEF06D44A6DBD40886E9C91E8B4', '五子棋', 'file/menu/20180629/yGEU1530207347659.png', '2', '1', '0', '0', '1', '30', '2018-06-29 01:35:55', '00DBE73A79A74B4DAE47A7B8B444408B', '2018-06-29 01:35:55', '00DBE73A79A74B4DAE47A7B8B444408B');
INSERT INTO `t_menu` VALUES ('A427F647B47A421980A2C58568FB88A8', '155A5A080E304960B0A5A4FCFC3957B1', '咨询中医', 'file/menu/20180629/zPBk1530209781838.png', '2', '1', '0', '0', '1', '140', '2018-06-29 02:16:30', '00DBE73A79A74B4DAE47A7B8B444408B', '2018-06-29 02:16:30', '00DBE73A79A74B4DAE47A7B8B444408B');
INSERT INTO `t_menu` VALUES ('A5A04B5F2A22466699930292ED38F261', '8989DF0F3C144396BD152690826EFBB7', '家装翻新', 'file/menu/20180629/Uwki1530208655395.png', '2', '1', '0', '0', '1', '100', '2018-06-29 01:57:51', '00DBE73A79A74B4DAE47A7B8B444408B', '2018-06-29 01:57:51', '00DBE73A79A74B4DAE47A7B8B444408B');
INSERT INTO `t_menu` VALUES ('A6644F6C02EE4E8EA0FEA7B542AF7B2E', 'B0A1100C694E4E25A4016297F826FC9A', '真人CS', 'file/menu/20180629/vpZT1530210033267.png', '2', '1', '0', '0', '1', '80', '2018-06-29 02:20:40', '00DBE73A79A74B4DAE47A7B8B444408B', '2018-06-29 02:20:40', '00DBE73A79A74B4DAE47A7B8B444408B');
INSERT INTO `t_menu` VALUES ('A664CC63E7484A15BFDA9CED456AA3F0', null, '聊天交友', 'file/menu/20180629/aWUO1530207067297.png', '1', '1', '0', '0', '1', '90', '2018-06-29 01:31:26', '00DBE73A79A74B4DAE47A7B8B444408B', '2018-06-29 01:31:26', '00DBE73A79A74B4DAE47A7B8B444408B');
INSERT INTO `t_menu` VALUES ('A7554F1ECE6545A5AC680F8A97C44255', 'A22C81BD4649428D9A8ACE42B9B94FF2', '心理咨询', 'file/menu/20180629/zadi1530210154471.png', '2', '1', '0', '0', '1', '100', '2018-06-29 02:22:48', '00DBE73A79A74B4DAE47A7B8B444408B', '2018-06-29 02:22:48', '00DBE73A79A74B4DAE47A7B8B444408B');
INSERT INTO `t_menu` VALUES ('A7908A1CFD0947D29622FBD59F8650FA', 'A664CC63E7484A15BFDA9CED456AA3F0', '风水相画', 'file/menu/20180629/ihjy1530209216854.png', '2', '1', '0', '0', '1', '10', '2018-06-29 02:07:14', '00DBE73A79A74B4DAE47A7B8B444408B', '2018-06-29 02:07:14', '00DBE73A79A74B4DAE47A7B8B444408B');
INSERT INTO `t_menu` VALUES ('A7BDCD4106134472913B132E2B8D4181', '8989DF0F3C144396BD152690826EFBB7', '水电检修', 'file/menu/20180629/baNo1530208827978.png', '2', '1', '0', '0', '1', '130', '2018-06-29 02:00:37', '00DBE73A79A74B4DAE47A7B8B444408B', '2018-06-29 02:00:37', '00DBE73A79A74B4DAE47A7B8B444408B');
INSERT INTO `t_menu` VALUES ('A8EFDE106BCE4C879B55990A6E237EC5', 'A22C81BD4649428D9A8ACE42B9B94FF2', '办证咨询', 'file/menu/20180629/NLjT1530210050783.png', '2', '1', '0', '0', '1', '10', '2018-06-29 02:20:57', '00DBE73A79A74B4DAE47A7B8B444408B', '2018-06-29 02:20:57', '00DBE73A79A74B4DAE47A7B8B444408B');
INSERT INTO `t_menu` VALUES ('AA0F0D3923074BFF8FEE7D83BFEE2864', 'A22C81BD4649428D9A8ACE42B9B94FF2', '理财咨询', 'file/menu/20180629/hsqM1530210129967.png', '2', '1', '0', '0', '1', '80', '2018-06-29 02:22:20', '00DBE73A79A74B4DAE47A7B8B444408B', '2018-06-29 02:22:20', '00DBE73A79A74B4DAE47A7B8B444408B');
INSERT INTO `t_menu` VALUES ('AADFB6819C9449179CFA316CFEBEC710', '657FBB632AC1445A85624AB7A4C6699A', '陪看电影', 'file/menu/20180629/IHaw1530209551252.png', '2', '1', '0', '0', '1', '40', '2018-06-29 02:12:42', '00DBE73A79A74B4DAE47A7B8B444408B', '2018-06-29 02:12:42', '00DBE73A79A74B4DAE47A7B8B444408B');
INSERT INTO `t_menu` VALUES ('AB1F8F053D9D4E2AA6A50250D7C50FCC', '657FBB632AC1445A85624AB7A4C6699A', '钓鱼活动', 'file/menu/20180629/ueqq1530209509796.png', '2', '1', '0', '0', '1', '10', '2018-06-29 02:11:56', '00DBE73A79A74B4DAE47A7B8B444408B', '2018-06-29 02:11:56', '00DBE73A79A74B4DAE47A7B8B444408B');
INSERT INTO `t_menu` VALUES ('AB526CD974444DEE9F1F95FE9CDCFCAA', '714C03B306E34DA8B926B644A6D936DE', '代写歌词', 'file/menu/20180629/xmlm1530207378168.png', '2', '1', '0', '0', '1', '10', '2018-06-29 01:36:27', '00DBE73A79A74B4DAE47A7B8B444408B', '2018-06-29 01:37:21', '00DBE73A79A74B4DAE47A7B8B444408B');
INSERT INTO `t_menu` VALUES ('ABABF09689CD47AF8876F2BD488032D0', '657FBB632AC1445A85624AB7A4C6699A', '陪玩棋牌', 'file/menu/20180629/MtMm1530209579205.png', '2', '1', '0', '0', '1', '60', '2018-06-29 02:13:13', '00DBE73A79A74B4DAE47A7B8B444408B', '2018-06-29 02:13:13', '00DBE73A79A74B4DAE47A7B8B444408B');
INSERT INTO `t_menu` VALUES ('ACA787E405694CA8A58B927E989045A8', '1A51E04F91B540CBAEB1D85246A2D2F9', '视频剪辑', 'file/menu/20180629/eMWc1530208091005.png', '2', '1', '0', '0', '1', '80', '2018-06-29 01:48:18', '00DBE73A79A74B4DAE47A7B8B444408B', '2018-06-29 01:48:18', '00DBE73A79A74B4DAE47A7B8B444408B');
INSERT INTO `t_menu` VALUES ('AED42C22B6844269B3B8F8A654735048', 'A22C81BD4649428D9A8ACE42B9B94FF2', '养生咨询', 'file/menu/20180629/VYNX1530210172311.png', '2', '1', '0', '0', '1', '110', '2018-06-29 02:22:59', '00DBE73A79A74B4DAE47A7B8B444408B', '2018-06-29 02:22:59', '00DBE73A79A74B4DAE47A7B8B444408B');
INSERT INTO `t_menu` VALUES ('B0A1100C694E4E25A4016297F826FC9A', null, '运动健身', 'file/menu/20180629/MXQo1530207237440.png', '1', '1', '0', '0', '1', '160', '2018-06-29 01:34:08', '00DBE73A79A74B4DAE47A7B8B444408B', '2018-06-29 01:34:08', '00DBE73A79A74B4DAE47A7B8B444408B');
INSERT INTO `t_menu` VALUES ('B13D13B8D58E423EA3416F02BA9D78D9', 'B0A1100C694E4E25A4016297F826FC9A', '健身', 'file/menu/20180629/rYMV1530209954113.png', '2', '1', '0', '0', '1', '20', '2018-06-29 02:19:23', '00DBE73A79A74B4DAE47A7B8B444408B', '2018-06-29 02:19:23', '00DBE73A79A74B4DAE47A7B8B444408B');
INSERT INTO `t_menu` VALUES ('B18B1365C4C94025A098BCACAA5AF58F', '155A5A080E304960B0A5A4FCFC3957B1', '咨询心脑科', 'file/menu/20180629/ivhc1530209742351.png', '2', '1', '0', '0', '1', '110', '2018-06-29 02:15:54', '00DBE73A79A74B4DAE47A7B8B444408B', '2018-06-29 02:15:54', '00DBE73A79A74B4DAE47A7B8B444408B');
INSERT INTO `t_menu` VALUES ('B25DF4DCA4B74FE48AD49524D108AB75', null, '养生保健', 'file/menu/20180629/YUGM1530207219020.png', '1', '1', '0', '0', '1', '150', '2018-06-29 01:33:50', '00DBE73A79A74B4DAE47A7B8B444408B', '2018-06-29 01:33:50', '00DBE73A79A74B4DAE47A7B8B444408B');
INSERT INTO `t_menu` VALUES ('B73027AE73BA4536AF600241CC15A999', 'FA68133B732341F38177A5E6E1F13A2D', '达人表演', 'file/menu/20180629/ibrt1530207744190.png', '2', '1', '0', '0', '1', '20', '2018-06-29 01:42:33', '00DBE73A79A74B4DAE47A7B8B444408B', '2018-06-29 01:42:33', '00DBE73A79A74B4DAE47A7B8B444408B');
INSERT INTO `t_menu` VALUES ('B7AE2585A886472BBC44C5BC5745923E', null, '都市丽人', 'file/menu/20180629/TijG1530203090487.png', '1', '1', '0', '0', '1', '30', '2018-06-29 00:25:00', '00DBE73A79A74B4DAE47A7B8B444408B', '2018-06-29 01:37:52', '00DBE73A79A74B4DAE47A7B8B444408B');
INSERT INTO `t_menu` VALUES ('B9423DF39AE944AC807EA0D4FEBA8E2E', 'B7AE2585A886472BBC44C5BC5745923E', '美体塑形', 'file/menu/20180629/mEoB1530207644515.png', '2', '1', '0', '0', '1', '50', '2018-06-29 01:41:05', '00DBE73A79A74B4DAE47A7B8B444408B', '2018-06-29 01:41:31', '00DBE73A79A74B4DAE47A7B8B444408B');
INSERT INTO `t_menu` VALUES ('BAF606765E6A414AAAEFCD8C55664C8B', '2FA262140040410DA2EE2757A1BAC547', '同城配送', 'file/menu/20180629/oynU1530209442685.png', '2', '1', '0', '0', '1', '20', '2018-06-29 02:10:51', '00DBE73A79A74B4DAE47A7B8B444408B', '2018-06-29 02:10:51', '00DBE73A79A74B4DAE47A7B8B444408B');
INSERT INTO `t_menu` VALUES ('BF31170315DD454490C015941398AE5A', 'A22C81BD4649428D9A8ACE42B9B94FF2', '营销咨询', 'file/menu/20180629/VQwd1530210181730.png', '2', '1', '0', '0', '1', '120', '2018-06-29 02:23:17', '00DBE73A79A74B4DAE47A7B8B444408B', '2018-06-29 02:23:17', '00DBE73A79A74B4DAE47A7B8B444408B');
INSERT INTO `t_menu` VALUES ('BF9663118D344E93B8A183A28BF5593D', 'FA68133B732341F38177A5E6E1F13A2D', '摄影写真', 'file/menu/20180629/tGZo1530207905152.png', '2', '1', '0', '0', '1', '130', '2018-06-29 01:45:14', '00DBE73A79A74B4DAE47A7B8B444408B', '2018-06-29 01:45:14', '00DBE73A79A74B4DAE47A7B8B444408B');
INSERT INTO `t_menu` VALUES ('C0074A163CC5498CB335C303F22AF098', '16147726E39B487AAA1535427F9EDD96', '棋类培训', 'file/menu/20180629/OeHF1530208339891.png', '2', '1', '0', '0', '1', '120', '2018-06-29 01:52:28', '00DBE73A79A74B4DAE47A7B8B444408B', '2018-06-29 01:52:28', '00DBE73A79A74B4DAE47A7B8B444408B');
INSERT INTO `t_menu` VALUES ('C3510769377B41F289EE3E177AF33FA6', 'B25DF4DCA4B74FE48AD49524D108AB75', '正骨', 'file/menu/20180629/QfuN1530209929340.png', '2', '1', '0', '0', '1', '90', '2018-06-29 02:18:56', '00DBE73A79A74B4DAE47A7B8B444408B', '2018-06-29 02:18:56', '00DBE73A79A74B4DAE47A7B8B444408B');
INSERT INTO `t_menu` VALUES ('C5F37CBC821741988C488EEA8C0301F9', '8989DF0F3C144396BD152690826EFBB7', '钟点厨师', 'file/menu/20180629/jpWO1530209186990.png', '2', '1', '0', '0', '1', '240', '2018-06-29 02:06:42', '00DBE73A79A74B4DAE47A7B8B444408B', '2018-06-29 02:06:42', '00DBE73A79A74B4DAE47A7B8B444408B');
INSERT INTO `t_menu` VALUES ('C72ED49DD3C84FF3BE6924725DCBAA5D', '155A5A080E304960B0A5A4FCFC3957B1', '咨询呼吸科', 'file/menu/20180629/FckF1530209708772.png', '2', '1', '0', '0', '1', '80', '2018-06-29 02:15:15', '00DBE73A79A74B4DAE47A7B8B444408B', '2018-06-29 02:15:15', '00DBE73A79A74B4DAE47A7B8B444408B');
INSERT INTO `t_menu` VALUES ('C7778C0403DF42DB9E079164F180AF7D', '8989DF0F3C144396BD152690826EFBB7', '保姆', 'file/menu/20180629/fZfy1530208571052.png', '2', '1', '0', '0', '1', '20', '2018-06-29 01:56:16', '00DBE73A79A74B4DAE47A7B8B444408B', '2018-06-29 01:56:16', '00DBE73A79A74B4DAE47A7B8B444408B');
INSERT INTO `t_menu` VALUES ('C93FD352C5B040D8979784B5605591F6', '1A51E04F91B540CBAEB1D85246A2D2F9', '网页设计', 'file/menu/20180629/tfqI1530208155848.png', '2', '1', '0', '0', '1', '130', '2018-06-29 01:49:22', '00DBE73A79A74B4DAE47A7B8B444408B', '2018-06-29 01:49:22', '00DBE73A79A74B4DAE47A7B8B444408B');
INSERT INTO `t_menu` VALUES ('CB30178C14B045D19CF86C89720EFFAB', '16147726E39B487AAA1535427F9EDD96', '钢琴培训', 'file/menu/20180629/ZxuT1530208194224.png', '2', '1', '0', '0', '1', '30', '2018-06-29 01:50:00', '00DBE73A79A74B4DAE47A7B8B444408B', '2018-06-29 01:50:00', '00DBE73A79A74B4DAE47A7B8B444408B');
INSERT INTO `t_menu` VALUES ('CC0A2D8D1ED64438A28A8F3EB35FA5A3', null, '旧货交易', 'file/menu/20180629/OBKE1530203317832.png', '1', '1', '0', '0', '1', '70', '2018-06-29 00:28:49', '00DBE73A79A74B4DAE47A7B8B444408B', '2018-06-29 01:55:11', '00DBE73A79A74B4DAE47A7B8B444408B');
INSERT INTO `t_menu` VALUES ('CE5D860D120246A0B3AFE1559F573C93', '1A51E04F91B540CBAEB1D85246A2D2F9', '手机维修', 'file/menu/20180629/xwyQ1530208103357.png', '2', '1', '0', '0', '1', '90', '2018-06-29 01:48:34', '00DBE73A79A74B4DAE47A7B8B444408B', '2018-06-29 01:48:34', '00DBE73A79A74B4DAE47A7B8B444408B');
INSERT INTO `t_menu` VALUES ('CFEA544E18644B7FABC3CE7E17C183DF', '73363CD914124AF1A147E05B5F65543B', '农家土特', 'file/menu/20180629/OIpT1530209395448.png', '2', '1', '0', '0', '1', '40', '2018-06-29 02:10:05', '00DBE73A79A74B4DAE47A7B8B444408B', '2018-06-29 02:10:05', '00DBE73A79A74B4DAE47A7B8B444408B');
INSERT INTO `t_menu` VALUES ('D03805612B7A493B8055E2FCAEDCE62B', '054F553030FC4DB48919A34CC98FF7E0', '空地出租', 'file/menu/20180629/OLfg1530210273492.png', '2', '1', '0', '0', '1', '70', '2018-06-29 02:24:44', '00DBE73A79A74B4DAE47A7B8B444408B', '2018-06-29 02:24:44', '00DBE73A79A74B4DAE47A7B8B444408B');
INSERT INTO `t_menu` VALUES ('D0A80A82F6894496820296DC84A11D9B', '155A5A080E304960B0A5A4FCFC3957B1', '咨询风湿科', 'file/menu/20180629/dUkl1530209656499.png', '2', '1', '0', '0', '1', '40', '2018-06-29 02:14:25', '00DBE73A79A74B4DAE47A7B8B444408B', '2018-06-29 02:14:25', '00DBE73A79A74B4DAE47A7B8B444408B');
INSERT INTO `t_menu` VALUES ('D6AE53A55C134299B86B99196D3BC1C4', '8989DF0F3C144396BD152690826EFBB7', '代买菜', 'file/menu/20180629/hsMh1530208600467.png', '2', '1', '0', '0', '1', '50', '2018-06-29 01:56:50', '00DBE73A79A74B4DAE47A7B8B444408B', '2018-06-29 01:56:50', '00DBE73A79A74B4DAE47A7B8B444408B');
INSERT INTO `t_menu` VALUES ('D6C5DA22CF174C40898055AAC76D27F4', '16147726E39B487AAA1535427F9EDD96', '技能考试辅导', 'file/menu/20180629/MTMj1530208278716.png', '2', '1', '0', '0', '1', '80', '2018-06-29 01:51:27', '00DBE73A79A74B4DAE47A7B8B444408B', '2018-06-29 01:51:27', '00DBE73A79A74B4DAE47A7B8B444408B');
INSERT INTO `t_menu` VALUES ('DAE1CDC9CEB143E4A5D7779FF5B67D01', 'B7AE2585A886472BBC44C5BC5745923E', '有氧瑜伽', 'file/menu/20180629/EWgQ1530207713160.png', '2', '1', '0', '0', '1', '80', '2018-06-29 01:42:03', '00DBE73A79A74B4DAE47A7B8B444408B', '2018-06-29 01:42:03', '00DBE73A79A74B4DAE47A7B8B444408B');
INSERT INTO `t_menu` VALUES ('DB4DCF2C11E3432E8589CCB7AD5901EB', '054F553030FC4DB48919A34CC98FF7E0', '公寓出租', 'file/menu/20180629/CWBR1530210232129.png', '2', '1', '0', '0', '1', '30', '2018-06-29 02:23:59', '00DBE73A79A74B4DAE47A7B8B444408B', '2018-06-29 02:23:59', '00DBE73A79A74B4DAE47A7B8B444408B');
INSERT INTO `t_menu` VALUES ('DE6A78913DA44165969CF7C64D1C6D4B', '16147726E39B487AAA1535427F9EDD96', '考研辅导', 'file/menu/20180629/PFvV1530208309140.png', '2', '1', '0', '0', '1', '100', '2018-06-29 01:51:58', '00DBE73A79A74B4DAE47A7B8B444408B', '2018-06-29 01:51:58', '00DBE73A79A74B4DAE47A7B8B444408B');
INSERT INTO `t_menu` VALUES ('DE6DFE1C92DB46E1B5F27B257791CFD2', '155A5A080E304960B0A5A4FCFC3957B1', '咨询用药', 'file/menu/20180629/OpEY1530209759308.png', '2', '1', '0', '0', '1', '120', '2018-06-29 02:16:07', '00DBE73A79A74B4DAE47A7B8B444408B', '2018-06-29 02:16:07', '00DBE73A79A74B4DAE47A7B8B444408B');
INSERT INTO `t_menu` VALUES ('DF445786DACB4464863C4BEFC04DD29D', '714C03B306E34DA8B926B644A6D936DE', '歌词谱曲', 'file/menu/20180629/VcGG1530207512018.png', '2', '1', '0', '0', '1', '70', '2018-06-29 01:38:40', '00DBE73A79A74B4DAE47A7B8B444408B', '2018-06-29 01:38:40', '00DBE73A79A74B4DAE47A7B8B444408B');
INSERT INTO `t_menu` VALUES ('DF700EA93EDC42F2A5D0557B81ACDB95', 'B0A1100C694E4E25A4016297F826FC9A', '潜  水', 'file/menu/20180629/DeHu1530209977755.png', '2', '1', '0', '0', '1', '40', '2018-06-29 02:19:46', '00DBE73A79A74B4DAE47A7B8B444408B', '2018-06-29 02:19:46', '00DBE73A79A74B4DAE47A7B8B444408B');
INSERT INTO `t_menu` VALUES ('DFD1DD081FA94F8E97A5000DB8169043', '2FA262140040410DA2EE2757A1BAC547', '找司机', 'file/menu/20180629/oGSJ1530209480763.png', '2', '1', '0', '0', '1', '50', '2018-06-29 02:11:29', '00DBE73A79A74B4DAE47A7B8B444408B', '2018-06-29 02:11:29', '00DBE73A79A74B4DAE47A7B8B444408B');
INSERT INTO `t_menu` VALUES ('E55A83EAD5D8459AB414C614EC3DC628', 'A22C81BD4649428D9A8ACE42B9B94FF2', '法律咨询', 'file/menu/20180629/KDtN1530210106489.png', '2', '1', '0', '0', '1', '60', '2018-06-29 02:21:54', '00DBE73A79A74B4DAE47A7B8B444408B', '2018-06-29 02:21:54', '00DBE73A79A74B4DAE47A7B8B444408B');
INSERT INTO `t_menu` VALUES ('E8DFC153612F4A93A9B7BED86CFC5EE5', '2FA262140040410DA2EE2757A1BAC547', '物资押韵', 'file/menu/20180629/hXmU1530209456046.png', '2', '1', '0', '0', '1', '30', '2018-06-29 02:11:06', '00DBE73A79A74B4DAE47A7B8B444408B', '2018-06-29 02:11:06', '00DBE73A79A74B4DAE47A7B8B444408B');
INSERT INTO `t_menu` VALUES ('EA1653F042B04B9AB1E8543A48C8D86F', '714C03B306E34DA8B926B644A6D936DE', '代写春联', 'file/menu/20180629/GWQt1530207403413.png', '2', '1', '0', '0', '1', '30', '2018-06-29 01:36:57', '00DBE73A79A74B4DAE47A7B8B444408B', '2018-06-29 01:36:57', '00DBE73A79A74B4DAE47A7B8B444408B');
INSERT INTO `t_menu` VALUES ('EA26114CB26745ABBE0AF0FE1A65E398', '657FBB632AC1445A85624AB7A4C6699A', '陪  购', 'file/menu/20180629/LWfX1530209519936.png', '2', '1', '0', '0', '1', '20', '2018-06-29 02:12:14', '00DBE73A79A74B4DAE47A7B8B444408B', '2018-06-29 02:12:14', '00DBE73A79A74B4DAE47A7B8B444408B');
INSERT INTO `t_menu` VALUES ('EAF1F49CF0A04DC79A246121BAF1A218', '1A51E04F91B540CBAEB1D85246A2D2F9', '程序开发', 'file/menu/20180629/uhep1530208031418.png', '2', '1', '0', '0', '1', '3', '2018-06-29 01:47:18', '00DBE73A79A74B4DAE47A7B8B444408B', '2018-06-29 01:47:18', '00DBE73A79A74B4DAE47A7B8B444408B');
INSERT INTO `t_menu` VALUES ('ECBC387E7F004E56B2B9A27F73D61309', 'B0A1100C694E4E25A4016297F826FC9A', '游泳', 'file/menu/20180629/eHXg1530210013748.png', '2', '1', '0', '0', '1', '70', '2018-06-29 02:20:21', '00DBE73A79A74B4DAE47A7B8B444408B', '2018-06-29 02:20:29', '00DBE73A79A74B4DAE47A7B8B444408B');
INSERT INTO `t_menu` VALUES ('EF1741EE894E4C58B5C412D83C253F0C', '054F553030FC4DB48919A34CC98FF7E0', '家电出租', 'file/menu/20180629/rxIg1530210242601.png', '2', '1', '0', '0', '1', '40', '2018-06-29 02:24:09', '00DBE73A79A74B4DAE47A7B8B444408B', '2018-06-29 02:24:09', '00DBE73A79A74B4DAE47A7B8B444408B');
INSERT INTO `t_menu` VALUES ('EF4D5E4DC4984B059D5A37DACA31DD8B', '1A51E04F91B540CBAEB1D85246A2D2F9', 'UI设计', 'file/menu/20180629/geau1530208006551.png', '2', '1', '0', '0', '1', '10', '2018-06-29 01:46:52', '00DBE73A79A74B4DAE47A7B8B444408B', '2018-06-29 01:46:52', '00DBE73A79A74B4DAE47A7B8B444408B');
INSERT INTO `t_menu` VALUES ('EF5ED9BC0EF94D27B944C9D28AF10C53', '155A5A080E304960B0A5A4FCFC3957B1', '咨询妇科', 'file/menu/20180629/rFLn1530209680931.png', '2', '1', '0', '0', '1', '60', '2018-06-29 02:14:48', '00DBE73A79A74B4DAE47A7B8B444408B', '2018-06-29 02:14:48', '00DBE73A79A74B4DAE47A7B8B444408B');
INSERT INTO `t_menu` VALUES ('EF91E4C392394E1AB57C32515B4C3FDE', '8989DF0F3C144396BD152690826EFBB7', '土木工', 'file/menu/20180629/bNRt1530209151351.png', '2', '1', '0', '0', '1', '210', '2018-06-29 02:06:04', '00DBE73A79A74B4DAE47A7B8B444408B', '2018-06-29 02:06:04', '00DBE73A79A74B4DAE47A7B8B444408B');
INSERT INTO `t_menu` VALUES ('F0C0BADC8E06496686324F7E3150E129', '054F553030FC4DB48919A34CC98FF7E0', '厂房出租', 'file/menu/20180629/igAZ1530210217809.png', '2', '1', '0', '0', '1', '20', '2018-06-29 02:23:48', '00DBE73A79A74B4DAE47A7B8B444408B', '2018-06-29 02:23:48', '00DBE73A79A74B4DAE47A7B8B444408B');
INSERT INTO `t_menu` VALUES ('F2012A13B25743D697E446FE564E7D63', 'B0A1100C694E4E25A4016297F826FC9A', '露营', 'file/menu/20180629/dSvU1530209966764.png', '2', '1', '0', '0', '1', '30', '2018-06-29 02:19:34', '00DBE73A79A74B4DAE47A7B8B444408B', '2018-06-29 02:19:34', '00DBE73A79A74B4DAE47A7B8B444408B');
INSERT INTO `t_menu` VALUES ('F42C693AD2784E32A005C050FF6DB2F2', 'A664CC63E7484A15BFDA9CED456AA3F0', '谈婚论嫁', 'file/menu/20180629/NOdu1530209284652.png', '2', '1', '0', '0', '1', '50', '2018-06-29 02:08:12', '00DBE73A79A74B4DAE47A7B8B444408B', '2018-06-29 02:08:12', '00DBE73A79A74B4DAE47A7B8B444408B');
INSERT INTO `t_menu` VALUES ('F730AAED59D047CC9DE2DC4375F4A676', 'FA68133B732341F38177A5E6E1F13A2D', '模特礼仪1', 'file/menu/20180629/GBdZ1530207876273.png', '2', '1', '0', '0', '1', '110', '2018-06-29 01:44:45', '00DBE73A79A74B4DAE47A7B8B444408B', '2018-06-29 01:44:45', '00DBE73A79A74B4DAE47A7B8B444408B');
INSERT INTO `t_menu` VALUES ('F7F4564CF2ED49DDB7B272EB987E05B4', 'B25DF4DCA4B74FE48AD49524D108AB75', '减肥减脂', 'file/menu/20180629/ZmEX1530209847546.png', '2', '1', '0', '0', '1', '30', '2018-06-29 02:17:41', '00DBE73A79A74B4DAE47A7B8B444408B', '2018-06-29 02:17:41', '00DBE73A79A74B4DAE47A7B8B444408B');
INSERT INTO `t_menu` VALUES ('F9EDE37480F243F489B90FB2909B6194', '657FBB632AC1445A85624AB7A4C6699A', '陪散心', 'file/menu/20180629/gwmT1530209566283.png', '2', '1', '0', '0', '1', '50', '2018-06-29 02:12:54', '00DBE73A79A74B4DAE47A7B8B444408B', '2018-06-29 02:12:54', '00DBE73A79A74B4DAE47A7B8B444408B');
INSERT INTO `t_menu` VALUES ('F9F112D82C584F4387F7920CD621DA52', '8989DF0F3C144396BD152690826EFBB7', '宠物代管', 'file/menu/20180629/psOn1530208580132.png', '2', '1', '0', '0', '1', '30', '2018-06-29 01:56:26', '00DBE73A79A74B4DAE47A7B8B444408B', '2018-06-29 01:56:26', '00DBE73A79A74B4DAE47A7B8B444408B');
INSERT INTO `t_menu` VALUES ('FA68133B732341F38177A5E6E1F13A2D', null, '个性商务', 'file/menu/20180629/qjQj1530203132551.png', '1', '1', '0', '0', '1', '40', '2018-06-29 00:25:38', '00DBE73A79A74B4DAE47A7B8B444408B', '2018-06-29 00:25:38', '00DBE73A79A74B4DAE47A7B8B444408B');
INSERT INTO `t_menu` VALUES ('FD36A7F383874C0F9272FCD54C991B8E', 'FA68133B732341F38177A5E6E1F13A2D', '搬运服务', 'file/menu/20180629/FHmE1530207732911.png', '2', '1', '0', '0', '1', '10', '2018-06-29 01:42:20', '00DBE73A79A74B4DAE47A7B8B444408B', '2018-06-29 01:42:20', '00DBE73A79A74B4DAE47A7B8B444408B');
INSERT INTO `t_menu` VALUES ('FF1F7732764B46E4A7CC2B64F85AC5E6', '1A51E04F91B540CBAEB1D85246A2D2F9', '包装设计', 'file/menu/20180629/SiXO1530208015908.png', '2', '1', '0', '0', '1', '20', '2018-06-29 01:47:06', '00DBE73A79A74B4DAE47A7B8B444408B', '2018-06-29 01:47:06', '00DBE73A79A74B4DAE47A7B8B444408B');
INSERT INTO `t_menu` VALUES ('FF4B89532AB2400DBD1C070812CD0606', '1A51E04F91B540CBAEB1D85246A2D2F9', '数码维修', 'file/menu/20180629/CUvh1530208119263.png', '2', '1', '0', '0', '1', '100', '2018-06-29 01:48:47', '00DBE73A79A74B4DAE47A7B8B444408B', '2018-06-29 01:48:47', '00DBE73A79A74B4DAE47A7B8B444408B');

-- ----------------------------
-- Table structure for t_news
-- ----------------------------
DROP TABLE IF EXISTS `t_news`;
CREATE TABLE `t_news` (
  `pk_id` varchar(255) NOT NULL,
  `c_memberId` varchar(255) NOT NULL,
  `c_type` tinyint(2) NOT NULL,
  `c_content` varchar(255) NOT NULL,
  `c_citycode` varchar(50) DEFAULT NULL,
  `c_createBy` varchar(255) NOT NULL,
  `c_createDate` datetime NOT NULL,
  `c_updateBy` varchar(255) NOT NULL,
  `c_updateDate` datetime NOT NULL,
  PRIMARY KEY (`pk_id`)
) ENGINE=InnoDB DEFAULT CHARSET=utf8;

-- ----------------------------
-- Records of t_news
-- ----------------------------
INSERT INTO `t_news` VALUES ('163E0B7FD209437AB9EF428BB37B264C', '705F2CBCD9434B38B6DC84B7C228FAC5', '2', '用户 大勇改名咯 充值5.01元成功', '0755', '705F2CBCD9434B38B6DC84B7C228FAC5', '2019-03-10 15:26:33', '705F2CBCD9434B38B6DC84B7C228FAC5', '2019-03-10 15:26:33');
INSERT INTO `t_news` VALUES ('1AA5FF80969C47109FD03836A95EA257', '705F2CBCD9434B38B6DC84B7C228FAC5', '2', '用户 大勇改名咯 充值100元成功', '0755', '705F2CBCD9434B38B6DC84B7C228FAC5', '2019-03-13 22:35:12', '705F2CBCD9434B38B6DC84B7C228FAC5', '2019-03-13 22:35:12');
INSERT INTO `t_news` VALUES ('1C58D245F5A4498D9F70E36A5DCEA0D6', '2B5CE7A45B9148CA86AAD83ABCD15654', '1', '用户 bing 注册成功', '2', '2B5CE7A45B9148CA86AAD83ABCD15654', '2018-08-19 17:27:49', '2B5CE7A45B9148CA86AAD83ABCD15654', '2018-08-19 17:27:49');
INSERT INTO `t_news` VALUES ('790A58ACDE3340CA966808440ECFE8C7', '705F2CBCD9434B38B6DC84B7C228FAC5', '2', '用户 大勇改名咯 充值100元成功', '0755', '705F2CBCD9434B38B6DC84B7C228FAC5', '2019-03-13 22:37:49', '705F2CBCD9434B38B6DC84B7C228FAC5', '2019-03-13 22:37:49');
INSERT INTO `t_news` VALUES ('7A2A14E56B284DE2898A3837EFF2C6F5', '705F2CBCD9434B38B6DC84B7C228FAC5', '2', '用户 大勇改名咯 充值100元成功', '0755', '705F2CBCD9434B38B6DC84B7C228FAC5', '2019-03-13 22:37:02', '705F2CBCD9434B38B6DC84B7C228FAC5', '2019-03-13 22:37:02');
INSERT INTO `t_news` VALUES ('8871A33EA0924A6D9E163AF7F2E5242D', '705F2CBCD9434B38B6DC84B7C228FAC5', '2', '用户 大勇改名咯 充值100元成功', '0755', '705F2CBCD9434B38B6DC84B7C228FAC5', '2019-03-18 00:14:05', '705F2CBCD9434B38B6DC84B7C228FAC5', '2019-03-18 00:14:05');
INSERT INTO `t_news` VALUES ('9338EFCEEFEA4C96B6CFFAB05E992E1D', '705F2CBCD9434B38B6DC84B7C228FAC5', '2', '用户 大勇改名咯 充值10元成功', '0755', '705F2CBCD9434B38B6DC84B7C228FAC5', '2019-03-10 21:25:31', '705F2CBCD9434B38B6DC84B7C228FAC5', '2019-03-10 21:25:31');
INSERT INTO `t_news` VALUES ('94D9F9F10AEA48D696D4C6C34040B9E9', '95CE1893139A42989F485C6EAEF6B62C', '2', '用户 app works well  充值1000元成功', '0755', '95CE1893139A42989F485C6EAEF6B62C', '2019-03-24 02:08:42', '95CE1893139A42989F485C6EAEF6B62C', '2019-03-24 02:08:42');
INSERT INTO `t_news` VALUES ('A86DD5A9E3B14EB18397AB4E9F6C1BE7', '705F2CBCD9434B38B6DC84B7C228FAC5', '2', '用户 大勇改名咯 充值1000网币成功', '0755', '705F2CBCD9434B38B6DC84B7C228FAC5', '2019-03-13 22:46:08', '705F2CBCD9434B38B6DC84B7C228FAC5', '2019-03-13 22:46:08');
INSERT INTO `t_news` VALUES ('B0F75BB3E7184ECEA60B4DFAD53644C3', '705F2CBCD9434B38B6DC84B7C228FAC5', '2', '用户 大勇改名咯 充值1000网币成功', '0755', '705F2CBCD9434B38B6DC84B7C228FAC5', '2019-03-18 00:22:44', '705F2CBCD9434B38B6DC84B7C228FAC5', '2019-03-18 00:22:44');
INSERT INTO `t_news` VALUES ('B6205F71540848C8940E3CCC5854E76B', '705F2CBCD9434B38B6DC84B7C228FAC5', '2', '用户 大勇改名咯 充值100元成功', '0755', '705F2CBCD9434B38B6DC84B7C228FAC5', '2019-03-10 21:58:21', '705F2CBCD9434B38B6DC84B7C228FAC5', '2019-03-10 21:58:21');
INSERT INTO `t_news` VALUES ('C7C8E61EEB18432AA288B9D3C9C2315B', '705F2CBCD9434B38B6DC84B7C228FAC5', '2', '用户 大勇改名咯 充值100元成功', '0755', '705F2CBCD9434B38B6DC84B7C228FAC5', '2019-03-10 21:39:41', '705F2CBCD9434B38B6DC84B7C228FAC5', '2019-03-10 21:39:41');
INSERT INTO `t_news` VALUES ('DF78C9759033407099220D0BC246EC48', '705F2CBCD9434B38B6DC84B7C228FAC5', '2', '用户 大勇改名咯 充值100元成功', '0755', '705F2CBCD9434B38B6DC84B7C228FAC5', '2019-03-13 22:45:01', '705F2CBCD9434B38B6DC84B7C228FAC5', '2019-03-13 22:45:01');
INSERT INTO `t_news` VALUES ('E12B2ECBFF7B4395989A226CDD98AF05', '705F2CBCD9434B38B6DC84B7C228FAC5', '2', '用户 大勇改名咯 充值100元成功', '0755', '705F2CBCD9434B38B6DC84B7C228FAC5', '2019-03-13 22:35:25', '705F2CBCD9434B38B6DC84B7C228FAC5', '2019-03-13 22:35:25');
INSERT INTO `t_news` VALUES ('FB1A571230264438ADDDD23597033327', '705F2CBCD9434B38B6DC84B7C228FAC5', '2', '用户 大勇改名咯 充值100元成功', '0755', '705F2CBCD9434B38B6DC84B7C228FAC5', '2019-03-10 21:36:42', '705F2CBCD9434B38B6DC84B7C228FAC5', '2019-03-10 21:36:42');

-- ----------------------------
-- Table structure for t_order
-- ----------------------------
DROP TABLE IF EXISTS `t_order`;
CREATE TABLE `t_order` (
  `pk_id` varchar(32) NOT NULL,
  `c_memberId` varchar(32) NOT NULL,
  `c_sellerId` varchar(32) NOT NULL,
  `c_sellerName` varchar(255) NOT NULL,
  `c_sellerImage` varchar(255) DEFAULT NULL,
  `c_tradeNo` varchar(255) NOT NULL,
  `c_serveId` varchar(255) NOT NULL,
  `c_serveTitle` varchar(255) NOT NULL,
  `c_serveImage` varchar(255) DEFAULT NULL,
  `c_firstMenuId` varchar(32) NOT NULL,
  `c_firstMenuName` varchar(255) NOT NULL,
  `c_menuId` varchar(32) NOT NULL,
  `c_menuName` varchar(255) NOT NULL,
  `c_addressId` varchar(32) NOT NULL,
  `c_address` varchar(255) NOT NULL,
  `c_price` decimal(10,2) NOT NULL,
  `c_count` tinyint(5) NOT NULL,
  `c_status` tinyint(3) NOT NULL,
  `c_citycode` varchar(255) NOT NULL,
  `c_remark` varchar(255) DEFAULT NULL,
  `c_remarkLink` varchar(255) DEFAULT NULL,
  `c_createDate` datetime NOT NULL,
  `c_createBy` varchar(32) NOT NULL,
  `c_updateDate` datetime NOT NULL,
  `c_updateBy` varchar(32) NOT NULL,
  PRIMARY KEY (`pk_id`)
) ENGINE=InnoDB DEFAULT CHARSET=utf8;

-- ----------------------------
-- Records of t_order
-- ----------------------------
INSERT INTO `t_order` VALUES ('AC48F28F2F10440DAED6B6F8B2218411', '95CE1893139A42989F485C6EAEF6B62C', '705F2CBCD9434B38B6DC84B7C228FAC5', '大勇改名咯', 'https://image.youlian365.com/95CE1893139A42989F485C6EAEF6B62C_20180920011030493.jpg', '20190321155310169703335748003271', 'C0E6911997DA43F0B7A7E6D0C1A60657', 'IT服务站', 'https://image.youlian365.com/95CE1893139A42989F485C6EAEF6B62C_20180926234341.jpg', '714C03B306E34DA8B926B644A6D936DE', '代笔写作', '5C7489100B264C998135F6BE55390CD4', '代写总结', '41C0A39B3C8F4F89B003A86FE4DD2887', '广东省-深圳市-福田区 彩田路国际村', '100.00', '1', '1', '0755', null, null, '2019-03-21 01:08:20', '95CE1893139A42989F485C6EAEF6B62C', '2019-03-21 01:08:20', '95CE1893139A42989F485C6EAEF6B62C');

-- ----------------------------
-- Table structure for t_orderaccount
-- ----------------------------
DROP TABLE IF EXISTS `t_orderaccount`;
CREATE TABLE `t_orderaccount` (
  `pk_id` varchar(32) NOT NULL,
  `c_memberId` varchar(32) NOT NULL,
  `c_targetId` varchar(32) DEFAULT NULL,
  `c_tradeNo` varchar(32) NOT NULL,
  `c_total_fee` decimal(10,0) DEFAULT NULL,
  `c_num` bigint(20) DEFAULT '0',
  `c_way` tinyint(1) NOT NULL,
  `c_type` tinyint(1) NOT NULL,
  `c_status` tinyint(1) NOT NULL,
  `c_createDate` datetime NOT NULL,
  `c_createBy` varchar(255) NOT NULL,
  `c_updateDate` datetime NOT NULL,
  `c_updateBy` varchar(32) NOT NULL,
  PRIMARY KEY (`pk_id`)
) ENGINE=InnoDB DEFAULT CHARSET=utf8;

-- ----------------------------
-- Records of t_orderaccount
-- ----------------------------
INSERT INTO `t_orderaccount` VALUES ('0707F57F6D1146799F92486DFD210FBC', '705F2CBCD9434B38B6DC84B7C228FAC5', '95CE1893139A42989F485C6EAEF6B62C', '20190318155284205787358224487134', null, '1000', '5', '2', '2', '2019-03-18 01:00:57', '705F2CBCD9434B38B6DC84B7C228FAC5', '2019-03-18 01:01:39', '705F2CBCD9434B38B6DC84B7C228FAC5');
INSERT INTO `t_orderaccount` VALUES ('2022C2A7501C44EEAA57DF3FE90C6EBD', '705F2CBCD9434B38B6DC84B7C228FAC5', null, '20190318155283920737500976842937', '100', '0', '1', '1', '2', '2019-03-18 00:13:27', '705F2CBCD9434B38B6DC84B7C228FAC5', '2019-03-18 00:14:09', '705F2CBCD9434B38B6DC84B7C228FAC5');
INSERT INTO `t_orderaccount` VALUES ('4F49C22059844F76871FC442D36A8658', '705F2CBCD9434B38B6DC84B7C228FAC5', null, '20190318155283971813753291197781', '100', '0', '1', '2', '2', '2019-03-18 00:21:58', '705F2CBCD9434B38B6DC84B7C228FAC5', '2019-03-18 00:22:53', '705F2CBCD9434B38B6DC84B7C228FAC5');
INSERT INTO `t_orderaccount` VALUES ('D0EEE9DF3C4D40C1BA7C1F72A017DC8D', '705F2CBCD9434B38B6DC84B7C228FAC5', null, '20190318155284072022430745028776', '100', '0', '4', '2', '2', '2019-03-18 00:38:40', '705F2CBCD9434B38B6DC84B7C228FAC5', '2019-03-18 00:39:51', '705F2CBCD9434B38B6DC84B7C228FAC5');
INSERT INTO `t_orderaccount` VALUES ('EC7117738E1C4FE3BBA05C7EEA71801C', '95CE1893139A42989F485C6EAEF6B62C', null, '20190324155336446249354613677485', '1000', '0', '1', '1', '2', '2019-03-24 02:07:42', '95CE1893139A42989F485C6EAEF6B62C', '2019-03-24 02:08:42', '95CE1893139A42989F485C6EAEF6B62C');

-- ----------------------------
-- Table structure for t_permission
-- ----------------------------
DROP TABLE IF EXISTS `t_permission`;
CREATE TABLE `t_permission` (
  `pk_id` varchar(255) NOT NULL,
  `c_name` varchar(255) NOT NULL,
  `c_icon` varchar(255) DEFAULT NULL,
  `c_level` int(2) NOT NULL,
  `c_code` varchar(255) NOT NULL,
  `c_description` varchar(255) DEFAULT NULL,
  `c_status` int(2) NOT NULL,
  `c_url` varchar(255) DEFAULT NULL,
  `c_parentid` varchar(255) DEFAULT NULL,
  `c_type` int(2) DEFAULT NULL,
  `c_sort` int(11) NOT NULL,
  `c_createDate` datetime NOT NULL,
  `c_createBy` varchar(255) NOT NULL,
  PRIMARY KEY (`pk_id`)
) ENGINE=InnoDB DEFAULT CHARSET=utf8;

-- ----------------------------
-- Records of t_permission
-- ----------------------------
INSERT INTO `t_permission` VALUES ('0B22E353F080401DA249948EB8669B8A', '用户管理', 'el-icon-netjob-people_fill', '1', '', '11', '1', 'userList', 'B3CB312DCBD64B76B0859370F9D83569', '2', '10', '2017-07-14 00:00:44', '00DBE73A79A74B4DAE47A7B8B444408B');
INSERT INTO `t_permission` VALUES ('10E17056D8134393932DB1BD8A1D6951', '日志-列表', null, '1', 'admin.log.list', null, '1', null, 'BB84BB8EC9264A7D9F69C6C95A10C865', '3', '10', '2017-07-18 00:00:37', '00DBE73A79A74B4DAE47A7B8B444408B');
INSERT INTO `t_permission` VALUES ('13BCBBD590874DEDAEC19E3E21F015F0', '会员管理-激活', null, '1', 'admin.member.active', null, '1', '', '89FCD91A43944587B328B1838BC2E5F0', '3', '30', '2018-10-30 21:37:31', '00DBE73A79A74B4DAE47A7B8B444408B');
INSERT INTO `t_permission` VALUES ('19A94D0FD66D4C179EA36F40B5400420', '品牌审核', 'el-icon-netjob-emoji_fill', '1', '', null, '1', 'brandAuthList', '8549DF78B7CD4C5D92635D5489F3CDB6', '2', '30', '2018-10-18 20:02:48', '00DBE73A79A74B4DAE47A7B8B444408B');
INSERT INTO `t_permission` VALUES ('1AF49B903D4742C7930ABDC81090C8EF', '角色管理', 'el-icon-netjob-group_fill', '1', '', null, '1', 'roleList', 'B3CB312DCBD64B76B0859370F9D83569', '2', '20', '2017-07-16 14:42:30', '00DBE73A79A74B4DAE47A7B8B444408B');
INSERT INTO `t_permission` VALUES ('1EBA57B9CE58408E806BD74F62C4F837', '个人审核-审核', null, '1', 'admin.person.auth', null, '1', '', 'DB6C41F3F96346F5BC9822C61D25D328', '3', '20', '2018-10-28 23:26:06', '00DBE73A79A74B4DAE47A7B8B444408B');
INSERT INTO `t_permission` VALUES ('2213E664473046EF9AB3F6CEC428FA54', '角色管理-编辑', null, '1', 'admin.role.edit', null, '1', null, '1AF49B903D4742C7930ABDC81090C8EF', '3', '20', '2017-07-16 15:10:03', '00DBE73A79A74B4DAE47A7B8B444408B');
INSERT INTO `t_permission` VALUES ('22911A2968B8458DA73A2B69AA40652F', '服务审核-列表', null, '1', 'admin.serve.auth.list', null, '1', '', '313D7F077649408B8D8589F4B0660A24', '3', '10', '2018-10-19 00:48:51', '00DBE73A79A74B4DAE47A7B8B444408B');
INSERT INTO `t_permission` VALUES ('286A8B890C3E4EA6A1B7F42A9248FEB6', '用户管理-授权', null, '1', 'admin.user.authc', null, '1', null, '0B22E353F080401DA249948EB8669B8A', '3', '30', '2017-07-16 12:57:55', '00DBE73A79A74B4DAE47A7B8B444408B');
INSERT INTO `t_permission` VALUES ('313D7F077649408B8D8589F4B0660A24', '服务审核', 'el-icon-netjob-barrage_fill', '1', '', null, '1', 'serveAuthList', '8549DF78B7CD4C5D92635D5489F3CDB6', '2', '20', '2018-10-18 20:01:30', '00DBE73A79A74B4DAE47A7B8B444408B');
INSERT INTO `t_permission` VALUES ('31815919E1CF4587B96D5208C45529BB', '权限管理-编辑', null, '1', 'admin.permission.edit', null, '1', null, '406390C201704452B3461121506977A1', '3', '20', '2017-07-16 15:46:03', '00DBE73A79A74B4DAE47A7B8B444408B');
INSERT INTO `t_permission` VALUES ('3A0CAAB15BAB4606AEAF3F615A23128B', '服务管理-列表', null, '1', 'admin.serve.list', null, '1', '', 'EFE4896760D0489899DDDCAAE8064DE3', '3', '10', '2018-10-30 21:35:19', '00DBE73A79A74B4DAE47A7B8B444408B');
INSERT INTO `t_permission` VALUES ('3B01BD1BCC64490F873D34BC7E03DC95', '角色管理-删除', null, '1', 'admin.role.delete', null, '1', null, '1AF49B903D4742C7930ABDC81090C8EF', '3', '40', '2017-07-16 15:11:09', '00DBE73A79A74B4DAE47A7B8B444408B');
INSERT INTO `t_permission` VALUES ('3BF927C778324901B66AA49380388B07', '广告管理-编辑', null, '2', 'admin.banner.edit', null, '1', '', 'C998D00F6BC54EAEAD6C15B597AEEBD6', '3', '20', '2018-05-08 14:04:39', 'A8141452F8D14B6BAF0C44EB60FCCF50');
INSERT INTO `t_permission` VALUES ('3CA7883003C54E30B1C7FB46AC9BC0B8', '字典管理-列表', null, '1', 'admin.dict.llist', null, '1', '', '54DDBBEC46DE4801AC7F02CEE59ADE06', '3', '10', '2018-09-26 03:36:42', '00DBE73A79A74B4DAE47A7B8B444408B');
INSERT INTO `t_permission` VALUES ('406390C201704452B3461121506977A1', '权限管理', 'el-icon-netjob-prompt_fill', '1', '', null, '1', 'permList', 'B3CB312DCBD64B76B0859370F9D83569', '2', '30', '2017-07-16 15:44:13', '00DBE73A79A74B4DAE47A7B8B444408B');
INSERT INTO `t_permission` VALUES ('476A139A1E6C41C89AA3EA012412B752', '用户管理-列表', null, '1', 'admin.user.list', null, '1', null, '0B22E353F080401DA249948EB8669B8A', '3', '10', '2017-07-16 22:52:23', '5A00F63D5DEC44DFBA03DDF49B4DD7EC');
INSERT INTO `t_permission` VALUES ('47CC676672BF405F9F201712A62D8040', '广告管理-删除', null, '2', 'admin.banner.delete', null, '1', '', 'C998D00F6BC54EAEAD6C15B597AEEBD6', '3', '40', '2018-05-08 14:06:00', 'A8141452F8D14B6BAF0C44EB60FCCF50');
INSERT INTO `t_permission` VALUES ('4F7AC8F465274408A383A7B701ECC168', '菜单管理-编辑', null, '1', 'admin.menu.edit', null, '1', '', 'B44AB38C56384F1183F223427A11AA84', '3', '30', '2018-05-09 01:52:55', 'A8141452F8D14B6BAF0C44EB60FCCF50');
INSERT INTO `t_permission` VALUES ('54DDBBEC46DE4801AC7F02CEE59ADE06', '字典管理', 'el-icon-netjob-activity', '1', '', '数据字典管理', '1', 'dictList', 'B3CB312DCBD64B76B0859370F9D83569', '2', '45', '2018-09-26 03:34:47', '00DBE73A79A74B4DAE47A7B8B444408B');
INSERT INTO `t_permission` VALUES ('5B7276FCC1D9492DBFBED00098086B1C', '系统设置-编辑', null, '1', 'admin.setting.edit', null, '1', '', 'D7F9CC1DA17044E5B2EB21A6B8C8810F', '3', '30', '2018-05-29 01:58:37', '00DBE73A79A74B4DAE47A7B8B444408B');
INSERT INTO `t_permission` VALUES ('5C3C1E1E0BE94C3F8EC1BC83B3128270', '权限管理-列表', null, '1', 'admin.permission.list', null, '1', null, '406390C201704452B3461121506977A1', '3', '10', '2017-07-16 22:56:54', '00DBE73A79A74B4DAE47A7B8B444408B');
INSERT INTO `t_permission` VALUES ('6587A24FEDA24330964B884654ADBB35', '角色管理-列表', null, '1', 'admin.role.list', null, '1', null, '1AF49B903D4742C7930ABDC81090C8EF', '3', '10', '2017-07-16 22:56:12', '00DBE73A79A74B4DAE47A7B8B444408B');
INSERT INTO `t_permission` VALUES ('693E7BDD52764161BC36413E61C062E8', '角色管理-授权', null, '1', 'admin.role.authc', null, '1', null, '1AF49B903D4742C7930ABDC81090C8EF', '3', '30', '2017-07-16 15:10:38', '00DBE73A79A74B4DAE47A7B8B444408B');
INSERT INTO `t_permission` VALUES ('6C48728E084040A7A87BA391B8ABCAD4', '广告管理-列表', null, '2', 'admin.banner.list', null, '1', '', 'C998D00F6BC54EAEAD6C15B597AEEBD6', '3', '10', '2018-05-08 14:05:14', 'A8141452F8D14B6BAF0C44EB60FCCF50');
INSERT INTO `t_permission` VALUES ('6E677B64B5BC4596B5CBEC9AA765BF10', '服务审核-审核', null, '1', 'admin.serve.auth', null, '1', '', '313D7F077649408B8D8589F4B0660A24', '3', '20', '2018-10-19 00:49:16', '00DBE73A79A74B4DAE47A7B8B444408B');
INSERT INTO `t_permission` VALUES ('6F1F1601DDD6459BB2D3AEB8FE52BC5A', '用户管理-添加', null, '1', 'admin.user.add', null, '1', null, '0B22E353F080401DA249948EB8669B8A', '3', '20', '2017-07-16 01:27:12', '00DBE73A79A74B4DAE47A7B8B444408B');
INSERT INTO `t_permission` VALUES ('726D2E74E6F849C5AA5685E8F08E1608', '审核记录-列表', null, '1', 'admin.auth.list', null, '1', '', 'FCC44BDFCEC5486083799CAF56546B12', '3', '10', '2018-10-19 00:50:39', '00DBE73A79A74B4DAE47A7B8B444408B');
INSERT INTO `t_permission` VALUES ('72B518446CCD4F2781B9DAD99C32BA06', '系统设置-新增', null, '1', 'admin.setting.add', null, '1', '', 'D7F9CC1DA17044E5B2EB21A6B8C8810F', '3', '20', '2018-05-29 01:59:43', '00DBE73A79A74B4DAE47A7B8B444408B');
INSERT INTO `t_permission` VALUES ('75F6C0E3D6E5414EA93A03A1FBA1DF99', '个人审核-列表', null, '1', 'admin.person.auth.list', null, '1', '', 'DB6C41F3F96346F5BC9822C61D25D328', '3', '10', '2018-10-28 23:25:18', '00DBE73A79A74B4DAE47A7B8B444408B');
INSERT INTO `t_permission` VALUES ('8225082DFB9D43A18D88F178A9F03BB7', '品牌审核-审核', null, '1', 'admin.brand.auth', null, '1', '', '19A94D0FD66D4C179EA36F40B5400420', '3', '20', '2018-10-19 00:50:13', '00DBE73A79A74B4DAE47A7B8B444408B');
INSERT INTO `t_permission` VALUES ('8549DF78B7CD4C5D92635D5489F3CDB6', '审核管理', 'el-icon-netjob-unlock_fill', '2', '', '审核网约相关内容', '1', '', null, '1', '10', '2018-10-18 19:57:13', '00DBE73A79A74B4DAE47A7B8B444408B');
INSERT INTO `t_permission` VALUES ('87CEFAB32BC54891A088874612C3459A', '需求审核-列表', null, '1', 'admin.serve.auth.list', null, '1', '', 'F588BC8E1D0F4B568E89CD28E275FCCA', '3', '10', '2018-10-19 00:48:06', '00DBE73A79A74B4DAE47A7B8B444408B');
INSERT INTO `t_permission` VALUES ('89FCD91A43944587B328B1838BC2E5F0', '会员管理', 'el-icon-netjob-group_fill', '2', '', null, '1', 'memberList', null, '1', '90', '2018-10-30 21:26:50', '00DBE73A79A74B4DAE47A7B8B444408B');
INSERT INTO `t_permission` VALUES ('8B9B63E66D32466A843A824ED3DBA593', '用户管理-编辑', null, '1', 'admin.user.edit', null, '1', null, '0B22E353F080401DA249948EB8669B8A', '3', '40', '2017-07-16 12:58:40', '00DBE73A79A74B4DAE47A7B8B444408B');
INSERT INTO `t_permission` VALUES ('8CE8324484DC4F5FB0AEC88DA0115A3D', '会员管理-冻结', null, '1', 'admin.member.freeze', null, '1', '', '89FCD91A43944587B328B1838BC2E5F0', '3', '20', '2018-10-30 21:37:00', '00DBE73A79A74B4DAE47A7B8B444408B');
INSERT INTO `t_permission` VALUES ('8D33D2B30B164A2E94743D4C41B7B762', '需求审核-审核', null, '1', 'admin.serve.auth', null, '1', '', 'F588BC8E1D0F4B568E89CD28E275FCCA', '3', '20', '2018-10-19 00:48:30', '00DBE73A79A74B4DAE47A7B8B444408B');
INSERT INTO `t_permission` VALUES ('95E832D523D04448A68C37A7686B6850', '权限管理-删除', null, '1', 'admin.permission.delete', null, '1', null, '406390C201704452B3461121506977A1', '3', '30', '2017-07-16 15:46:42', '00DBE73A79A74B4DAE47A7B8B444408B');
INSERT INTO `t_permission` VALUES ('969F876B7BDD418CA66F0931D85E4456', '系统设置-删除', null, '1', 'admin.setting.delete', null, '1', '', 'D7F9CC1DA17044E5B2EB21A6B8C8810F', '3', '40', '2018-05-29 02:00:20', '00DBE73A79A74B4DAE47A7B8B444408B');
INSERT INTO `t_permission` VALUES ('A686C368B2154EFFA5675C57684C77E6', '字典管理-新增', null, '1', 'admin.dict.add', null, '1', '', '54DDBBEC46DE4801AC7F02CEE59ADE06', '3', '20', '2018-09-26 03:36:59', '00DBE73A79A74B4DAE47A7B8B444408B');
INSERT INTO `t_permission` VALUES ('A7F1DDF3790B4752BF1C175012674B94', '需求管理', 'el-icon-netjob-createtask_fill', '2', '', null, '1', 'demandList', null, '1', '40', '2018-10-30 21:24:53', '00DBE73A79A74B4DAE47A7B8B444408B');
INSERT INTO `t_permission` VALUES ('AA24815D1A314EDCBDA1ADC9BD0052E0', '企业审核-列表', null, '1', 'admin.com.auth.list', null, '1', '', 'D939BAAA3F7549F89C8BB1E29C378ECA', '3', '10', '2018-10-28 23:26:41', '00DBE73A79A74B4DAE47A7B8B444408B');
INSERT INTO `t_permission` VALUES ('AEB329B751F04515A741C6041BB1C3DE', '需求管理-列表', null, '1', 'admin.serve.list', null, '1', '', 'A7F1DDF3790B4752BF1C175012674B94', '3', '10', '2018-10-30 21:33:41', '00DBE73A79A74B4DAE47A7B8B444408B');
INSERT INTO `t_permission` VALUES ('B3CB312DCBD64B76B0859370F9D83569', '系统管理', 'el-icon-netjob-setup_fill', '1', '', '11', '1', '', null, '1', '100', '2017-07-13 23:58:59', '00DBE73A79A74B4DAE47A7B8B444408B');
INSERT INTO `t_permission` VALUES ('B44AB38C56384F1183F223427A11AA84', '菜单管理', 'el-icon-netjob-qrcode_fill', '1', '', null, '1', 'menuList', null, '1', '20', '2018-05-07 17:22:42', 'A8141452F8D14B6BAF0C44EB60FCCF50');
INSERT INTO `t_permission` VALUES ('B4AEB094BEAF4D83AC85E5B5393A91B3', '品牌审核-列表', null, '1', 'admin.brand.auth.list', null, '1', '', '19A94D0FD66D4C179EA36F40B5400420', '3', '10', '2018-10-19 00:49:46', '00DBE73A79A74B4DAE47A7B8B444408B');
INSERT INTO `t_permission` VALUES ('BB84BB8EC9264A7D9F69C6C95A10C865', '日志管理', 'el-icon-netjob-createtask_fill', '1', '', null, '1', 'logList', 'B3CB312DCBD64B76B0859370F9D83569', '2', '40', '2017-07-16 15:47:16', '00DBE73A79A74B4DAE47A7B8B444408B');
INSERT INTO `t_permission` VALUES ('BEE979B4600343DE85F809E96B714033', '需求管理-删除', null, '1', 'admin.serve.delete', null, '1', '', 'A7F1DDF3790B4752BF1C175012674B94', '3', '20', '2018-10-30 21:34:42', '00DBE73A79A74B4DAE47A7B8B444408B');
INSERT INTO `t_permission` VALUES ('C228DFF091A54AC094B968D997A40FA0', '菜单管理-列表', null, '1', 'admin.menu.list', null, '1', '', 'B44AB38C56384F1183F223427A11AA84', '3', '10', '2018-05-09 01:51:31', 'A8141452F8D14B6BAF0C44EB60FCCF50');
INSERT INTO `t_permission` VALUES ('C998D00F6BC54EAEAD6C15B597AEEBD6', '广告管理', 'el-icon-netjob-systemprompt_fill', '2', '', null, '1', 'bannerList', null, '1', '30', '2018-05-08 13:55:57', 'A8141452F8D14B6BAF0C44EB60FCCF50');
INSERT INTO `t_permission` VALUES ('CC7E76B592FA48F9AC12152D544B1EAF', '会员管理-删除', null, '1', 'admin.member.delete', null, '1', '', '89FCD91A43944587B328B1838BC2E5F0', '3', '40', '2018-10-30 21:38:00', '00DBE73A79A74B4DAE47A7B8B444408B');
INSERT INTO `t_permission` VALUES ('CE23C97934A4453780B956030FFC1E03', '广告管理-添加', null, '2', 'admin.banner.add', null, '1', '', 'C998D00F6BC54EAEAD6C15B597AEEBD6', '3', '30', '2018-05-08 14:04:03', 'A8141452F8D14B6BAF0C44EB60FCCF50');
INSERT INTO `t_permission` VALUES ('D01EEC6FF2814824B260CA4E02717BC6', '日志详情', null, '1', 'admin.log.detail', null, '1', null, 'BB84BB8EC9264A7D9F69C6C95A10C865', '3', '10', '2017-07-17 23:44:24', '00DBE73A79A74B4DAE47A7B8B444408B');
INSERT INTO `t_permission` VALUES ('D7F9CC1DA17044E5B2EB21A6B8C8810F', '系统设置', 'el-icon-netjob-setup', '1', '', null, '1', 'settingList', 'B3CB312DCBD64B76B0859370F9D83569', '2', '50', '2018-05-29 01:57:44', '00DBE73A79A74B4DAE47A7B8B444408B');
INSERT INTO `t_permission` VALUES ('D939BAAA3F7549F89C8BB1E29C378ECA', '企业审核', 'el-icon-netjob-service_fill', '1', '', null, '1', 'companyAuthList', '8549DF78B7CD4C5D92635D5489F3CDB6', '2', '50', '2018-10-28 23:24:02', '00DBE73A79A74B4DAE47A7B8B444408B');
INSERT INTO `t_permission` VALUES ('DB6C41F3F96346F5BC9822C61D25D328', '个人审核', 'el-icon-netjob-mine_fill', '1', '', null, '1', 'personAuthList', '8549DF78B7CD4C5D92635D5489F3CDB6', '2', '40', '2018-10-28 23:22:45', '00DBE73A79A74B4DAE47A7B8B444408B');
INSERT INTO `t_permission` VALUES ('DF24EBC62FDF405A8CDD43888A71699A', '权限管理-添加', null, '1', 'admin.permission.add', null, '1', null, '406390C201704452B3461121506977A1', '3', '10', '2017-07-16 15:45:34', '00DBE73A79A74B4DAE47A7B8B444408B');
INSERT INTO `t_permission` VALUES ('DFE6A71307C0450D82284689D71E7939', '菜单管理-新增', null, '1', 'admin.menu.add', null, '1', '', 'B44AB38C56384F1183F223427A11AA84', '3', '20', '2018-05-09 01:52:24', 'A8141452F8D14B6BAF0C44EB60FCCF50');
INSERT INTO `t_permission` VALUES ('E168938F49EC4053AE296F242C09C242', '字典管理-修改', null, '1', 'admin.dict.edit', '30', '1', '', '54DDBBEC46DE4801AC7F02CEE59ADE06', '3', '30', '2018-09-26 03:37:20', '00DBE73A79A74B4DAE47A7B8B444408B');
INSERT INTO `t_permission` VALUES ('E8F037C890C14962A4539D00458433FF', '角色管理-添加', null, '1', 'admin.role.add', null, '1', null, '1AF49B903D4742C7930ABDC81090C8EF', '3', '10', '2017-07-16 15:09:32', '00DBE73A79A74B4DAE47A7B8B444408B');
INSERT INTO `t_permission` VALUES ('E928985A6FE448FAAACD02AE74920697', '用户管理-删除', null, '1', 'admin.user.delete', null, '1', null, '0B22E353F080401DA249948EB8669B8A', '3', '50', '2017-07-16 14:37:19', '00DBE73A79A74B4DAE47A7B8B444408B');
INSERT INTO `t_permission` VALUES ('EB5557129250460B9B5B1811CB2D4098', '系统设置-列表', null, '1', 'admin.setting.list', null, '1', '', 'D7F9CC1DA17044E5B2EB21A6B8C8810F', '3', '10', '2018-05-29 01:58:18', '00DBE73A79A74B4DAE47A7B8B444408B');
INSERT INTO `t_permission` VALUES ('EFE4896760D0489899DDDCAAE8064DE3', '服务管理', 'el-icon-netjob-businesscard_fill', '2', '', null, '1', 'serveList', null, '1', '50', '2018-10-30 21:25:17', '00DBE73A79A74B4DAE47A7B8B444408B');
INSERT INTO `t_permission` VALUES ('F09D0A66BFF748F18D2DD649F25DDDD8', '企业审核-审核', null, '1', 'admin.com.auth', null, '1', '', 'D939BAAA3F7549F89C8BB1E29C378ECA', '3', '20', '2018-10-28 23:27:13', '00DBE73A79A74B4DAE47A7B8B444408B');
INSERT INTO `t_permission` VALUES ('F588BC8E1D0F4B568E89CD28E275FCCA', '需求审核', 'el-icon-netjob-createtask_fill', '1', '', null, '1', 'demandAuthList', '8549DF78B7CD4C5D92635D5489F3CDB6', '2', '10', '2018-10-18 20:00:53', '00DBE73A79A74B4DAE47A7B8B444408B');
INSERT INTO `t_permission` VALUES ('F88AFF81FB2442D589BC94D1494BD055', '字典管理-删除', null, '1', 'admin.dict.delete', null, '1', '', '54DDBBEC46DE4801AC7F02CEE59ADE06', '3', '40', '2018-09-26 03:37:37', '00DBE73A79A74B4DAE47A7B8B444408B');
INSERT INTO `t_permission` VALUES ('FA3F097BB4BC45C2AA6CE0AD464206CA', '服务管理-删除', null, '1', 'admin.serve.delete', null, '1', '', 'EFE4896760D0489899DDDCAAE8064DE3', '3', '20', '2018-10-30 21:35:49', '00DBE73A79A74B4DAE47A7B8B444408B');
INSERT INTO `t_permission` VALUES ('FCC44BDFCEC5486083799CAF56546B12', '审核记录', 'el-icon-netjob-task_fill', '1', '', null, '1', 'authList', '8549DF78B7CD4C5D92635D5489F3CDB6', '2', '100', '2018-10-18 20:09:50', '00DBE73A79A74B4DAE47A7B8B444408B');
INSERT INTO `t_permission` VALUES ('FCCAAD442B824C2880B4314C4FFF19DB', '菜单管理-删除', null, '1', 'admin.menu.delete', null, '1', '', 'B44AB38C56384F1183F223427A11AA84', '3', '40', '2018-05-09 01:53:21', 'A8141452F8D14B6BAF0C44EB60FCCF50');
INSERT INTO `t_permission` VALUES ('FDDF95DA950C45B5AF6045A99ED3A6B2', '会员管理-列表', null, '1', 'admin.member.list', null, '1', '', '89FCD91A43944587B328B1838BC2E5F0', '3', '10', '2018-10-30 21:36:30', '00DBE73A79A74B4DAE47A7B8B444408B');

-- ----------------------------
-- Table structure for t_refund_approve
-- ----------------------------
DROP TABLE IF EXISTS `t_refund_approve`;
CREATE TABLE `t_refund_approve` (
  `pk_id` varchar(255) NOT NULL,
  `c_sellerId` varchar(32) NOT NULL,
  `c_buyerId` varchar(32) NOT NULL,
  `c_orderId` varchar(255) NOT NULL,
  `c_tradeNo` varchar(255) NOT NULL,
  `c_reason` text,
  `c_links` text,
  `c_type` tinyint(1) NOT NULL,
  `c_money` decimal(10,0) NOT NULL,
  `c_createBy` varchar(255) NOT NULL,
  `c_createDate` datetime NOT NULL,
  `c_updateBy` varchar(255) NOT NULL,
  `c_updateDate` datetime NOT NULL,
  PRIMARY KEY (`pk_id`)
) ENGINE=InnoDB DEFAULT CHARSET=utf8;

-- ----------------------------
-- Records of t_refund_approve
-- ----------------------------

-- ----------------------------
-- Table structure for t_role
-- ----------------------------
DROP TABLE IF EXISTS `t_role`;
CREATE TABLE `t_role` (
  `pk_id` varchar(255) NOT NULL,
  `c_name` varchar(255) NOT NULL,
  `c_code` varchar(100) NOT NULL,
  `c_status` int(2) NOT NULL,
  `c_description` varchar(255) DEFAULT NULL,
  `c_level` varchar(50) DEFAULT NULL,
  `c_createDate` datetime NOT NULL,
  `c_createBy` varchar(255) NOT NULL,
  PRIMARY KEY (`pk_id`)
) ENGINE=InnoDB DEFAULT CHARSET=utf8;

-- ----------------------------
-- Records of t_role
-- ----------------------------
INSERT INTO `t_role` VALUES ('16ED888193B04FC5A39D65CC9BCD6934', '代理管理员', 'admin.agent', '1', '', '2', '2018-10-17 22:20:23', '00DBE73A79A74B4DAE47A7B8B444408B');
INSERT INTO `t_role` VALUES ('B7CFD1F502434D0B9619E412BF669514', '系统管理员', 'system.admin', '1', '', '1', '2018-08-17 01:31:52', '00DBE73A79A74B4DAE47A7B8B444408B');

-- ----------------------------
-- Table structure for t_role_permission
-- ----------------------------
DROP TABLE IF EXISTS `t_role_permission`;
CREATE TABLE `t_role_permission` (
  `pk_id` varchar(255) NOT NULL,
  `c_roleId` varchar(255) NOT NULL,
  `c_permissionId` varchar(255) NOT NULL,
  PRIMARY KEY (`pk_id`)
) ENGINE=InnoDB DEFAULT CHARSET=utf8;

-- ----------------------------
-- Records of t_role_permission
-- ----------------------------
INSERT INTO `t_role_permission` VALUES ('0646201640F44F3895EF186B6C5D3639', '16ED888193B04FC5A39D65CC9BCD6934', 'FCC44BDFCEC5486083799CAF56546B12');
INSERT INTO `t_role_permission` VALUES ('1BEB14391CA5436F8A714DEB0E9A28DC', '16ED888193B04FC5A39D65CC9BCD6934', '8549DF78B7CD4C5D92635D5489F3CDB6');
INSERT INTO `t_role_permission` VALUES ('286DA841978B4DE79E478F0C6BF23108', '16ED888193B04FC5A39D65CC9BCD6934', 'CE23C97934A4453780B956030FFC1E03');
INSERT INTO `t_role_permission` VALUES ('45324C3484324833AB3433755EF2FC6B', '16ED888193B04FC5A39D65CC9BCD6934', '6C48728E084040A7A87BA391B8ABCAD4');
INSERT INTO `t_role_permission` VALUES ('481A04A7993C446AAD5B407A8F99D91D', '16ED888193B04FC5A39D65CC9BCD6934', '47CC676672BF405F9F201712A62D8040');
INSERT INTO `t_role_permission` VALUES ('53F1BF1FB7C944F39D62C80339F2A76B', '16ED888193B04FC5A39D65CC9BCD6934', '19A94D0FD66D4C179EA36F40B5400420');
INSERT INTO `t_role_permission` VALUES ('6215EC31E210446A96BAA2A9D2A105D0', '16ED888193B04FC5A39D65CC9BCD6934', '22911A2968B8458DA73A2B69AA40652F');
INSERT INTO `t_role_permission` VALUES ('763DF4FE85D746F894333C78969002DC', '16ED888193B04FC5A39D65CC9BCD6934', '313D7F077649408B8D8589F4B0660A24');
INSERT INTO `t_role_permission` VALUES ('77DD36242945495598EB460378F8CDE4', '16ED888193B04FC5A39D65CC9BCD6934', 'F588BC8E1D0F4B568E89CD28E275FCCA');
INSERT INTO `t_role_permission` VALUES ('7A5EA91391F84DFAA34C775EDA1E2A51', '16ED888193B04FC5A39D65CC9BCD6934', '6E677B64B5BC4596B5CBEC9AA765BF10');
INSERT INTO `t_role_permission` VALUES ('9B808387D6EB4F2DAD455CE187A91E39', '16ED888193B04FC5A39D65CC9BCD6934', '3BF927C778324901B66AA49380388B07');
INSERT INTO `t_role_permission` VALUES ('9D0A801F88884295B78375212D12CCA4', '16ED888193B04FC5A39D65CC9BCD6934', '8225082DFB9D43A18D88F178A9F03BB7');
INSERT INTO `t_role_permission` VALUES ('A82EBA2EFB46478FA22CDB57200FEE1E', '16ED888193B04FC5A39D65CC9BCD6934', '8D33D2B30B164A2E94743D4C41B7B762');
INSERT INTO `t_role_permission` VALUES ('B188C0A2FF5144FB969A226E5AA29F80', '16ED888193B04FC5A39D65CC9BCD6934', '87CEFAB32BC54891A088874612C3459A');
INSERT INTO `t_role_permission` VALUES ('F45CA05840004F9EA273E145366DF1CE', '16ED888193B04FC5A39D65CC9BCD6934', 'B4AEB094BEAF4D83AC85E5B5393A91B3');
INSERT INTO `t_role_permission` VALUES ('FE7AA014C3D84BCB90B5541FE2E5DE40', '16ED888193B04FC5A39D65CC9BCD6934', '726D2E74E6F849C5AA5685E8F08E1608');
INSERT INTO `t_role_permission` VALUES ('FEA497C8599749CDB0E7CDE6B9F96C48', '16ED888193B04FC5A39D65CC9BCD6934', 'C998D00F6BC54EAEAD6C15B597AEEBD6');

-- ----------------------------
-- Table structure for t_serve
-- ----------------------------
DROP TABLE IF EXISTS `t_serve`;
CREATE TABLE `t_serve` (
  `pk_id` varchar(255) NOT NULL,
  `c_title` varchar(255) DEFAULT NULL,
  `c_type` tinyint(4) NOT NULL,
  `c_image` varchar(255) NOT NULL,
  `c_work_type` tinyint(4) NOT NULL,
  `c_pay_type` tinyint(4) NOT NULL,
  `c_price` double(10,2) DEFAULT NULL,
  `c_price_type` tinyint(4) NOT NULL,
  `c_serve_time` varchar(255) DEFAULT NULL,
  `c_validity` int(5) NOT NULL,
  `c_description` text,
  `c_first_menu_id` varchar(255) NOT NULL,
  `c_menu_id` varchar(255) NOT NULL,
  `c_links` text,
  `c_latitude` varchar(255) NOT NULL,
  `c_longitude` varchar(255) NOT NULL,
  `c_province_name` varchar(255) NOT NULL,
  `c_citycode` varchar(50) NOT NULL,
  `c_city_name` varchar(255) NOT NULL,
  `c_area` varchar(50) NOT NULL,
  `c_status` tinyint(1) NOT NULL DEFAULT '1',
  `c_detail_address` varchar(500) NOT NULL,
  `c_keywords` varchar(255) DEFAULT NULL,
  `c_publish_date` datetime DEFAULT NULL,
  `c_published` tinyint(4) NOT NULL DEFAULT '0',
  `c_member_id` varchar(255) NOT NULL,
  `c_createDate` datetime NOT NULL,
  `c_createBy` varchar(255) NOT NULL,
  `c_updateDate` datetime NOT NULL,
  `c_updateBy` varchar(255) NOT NULL,
  PRIMARY KEY (`pk_id`)
) ENGINE=InnoDB DEFAULT CHARSET=utf8;

-- ----------------------------
-- Records of t_serve
-- ----------------------------
INSERT INTO `t_serve` VALUES ('00BBBFEBC8F242EBA78A52D16B041F46', 'demand', '1', 'https://image.youlian365.com/95CE1893139A42989F485C6EAEF6B62C_20180920011030493.jpg', '1', '1', null, '2', '01:09-01:10', '1', null, '714C03B306E34DA8B926B644A6D936DE', '5C7489100B264C998135F6BE55390CD4', '[https://image.youlian365.com/95CE1893139A42989F485C6EAEF6B62C_20180920011030493.jpg]', '22.78297498914931', '113.8051030815972', '广东省', '0755', '深圳市', '宝安区', '1', '广东省深圳市宝安区鹤洲路靠近振安小学', null, null, '0', '95CE1893139A42989F485C6EAEF6B62C', '2018-09-20 01:10:50', '95CE1893139A42989F485C6EAEF6B62C', '2018-09-20 01:10:50', '95CE1893139A42989F485C6EAEF6B62C');
INSERT INTO `t_serve` VALUES ('0636F422140C4A50A85A96F803F6C569', '围绕太阳', '1', 'https://image.youlian365.com/Fmuby5yhQAszwdEM4oWlZZnVhPir', '1', '1', '100.00', '1', '00:05-02:05', '10', '测试结果显示的时间', '714C03B306E34DA8B926B644A6D936DE', 'EA1653F042B04B9AB1E8543A48C8D86F', '[https://image.youlian365.com/Fmuby5yhQAszwdEM4oWlZZnVhPir,https://image.youlian365.com/FlfnQlTyF1ZgwxbELEUGzBHuUL2H,https://image.youlian365.com/Fmuby5yhQAszwdEM4oWlZZnVhPir]', '22.78297498914931', '113.8051030815972', '广东省', '0755', '深圳市', '福田区', '1', '广东省深圳市福田区滨河大道靠近皇洲花园', null, null, '0', 'AD2EBD754CCF4EBA8AAF3C407FA2EA2E', '2018-09-15 11:26:31', 'AD2EBD754CCF4EBA8AAF3C407FA2EA2E', '2018-09-15 11:26:31', 'AD2EBD754CCF4EBA8AAF3C407FA2EA2E');
INSERT INTO `t_serve` VALUES ('09CBEED75FAE451FB0644076448F36A7', '444', '1', 'https://image.youlian365.com/95CE1893139A42989F485C6EAEF6B62C_20180926234341.jpg', '1', '1', '88.00', '1', '23:37-23:38', '11', null, '714C03B306E34DA8B926B644A6D936DE', '1744AA8E39A04489A47272B1D4B5D65B', '[https://image.youlian365.com/95CE1893139A42989F485C6EAEF6B62C_20180926234341.jpg,https://image.youlian365.com/95CE1893139A42989F485C6EAEF6B62C_20180926234343.jpg,https://image.youlian365.com/95CE1893139A42989F485C6EAEF6B62C_20180926234345.jpg,https://image.youlian365.com/95CE1893139A42989F485C6EAEF6B62C_20180926234347.jpg,https://image.youlian365.com/95CE1893139A42989F485C6EAEF6B62C_20180926234349.jpg]', '22.782975', '113.805103', '广东省', '0755', '深圳市', '宝安区', '1', '广东省深圳市宝安区鹤洲路靠近振安小学', null, null, '0', '95CE1893139A42989F485C6EAEF6B62C', '2018-09-26 23:43:51', '95CE1893139A42989F485C6EAEF6B62C', '2018-09-26 23:43:51', '95CE1893139A42989F485C6EAEF6B62C');
INSERT INTO `t_serve` VALUES ('12891481181E4631A05CE565509F7A2C', 'biaotia', '1', 'https://image.youlian365.com/FtaYAz7vImwkP71E9oTP9qjhe6HO', '1', '1', null, '2', '21:03-22:03', '100', 'Worship miaoshu', '66B07AEF06D44A6DBD40886E9C91E8B4', '1C3970418F8740689069364E0DE3FE63', '[https://image.youlian365.com/FtaYAz7vImwkP71E9oTP9qjhe6HO,https://image.youlian365.com/FqlPtGQHI8YxWLu0XiF5VtjXCze4]', '22.78297498914931', '113.8051030815972', '广东省', '0758', '肇庆市', '广宁县', '1', '广东省肇庆市广宁县靠近坑口卫生院', null, null, '0', '95CE1893139A42989F485C6EAEF6B62C', '2018-09-11 23:05:24', '95CE1893139A42989F485C6EAEF6B62C', '2018-09-11 23:05:24', '95CE1893139A42989F485C6EAEF6B62C');
INSERT INTO `t_serve` VALUES ('2F4D6FE7FAC94F5C83E53BEA2E22F477', '225', '1', 'https://image.youlian365.com/95CE1893139A42989F485C6EAEF6B62C_20180915140129657.mp4', '1', '1', null, '2', '14:01-16:01', '28', '我也', '66B07AEF06D44A6DBD40886E9C91E8B4', 'A3E90824B6014D89BAF15E6316DA5AE3', '[https://image.youlian365.com/95CE1893139A42989F485C6EAEF6B62C_20180915140129657.mp4]', '22.78297498914931', '113.8051030815972', '广东省', '0755', '深圳市', '福田区', '1', '广东省深圳市福田区滨河大道靠近皇洲花园', null, null, '0', '95CE1893139A42989F485C6EAEF6B62C', '2018-09-15 14:01:34', '95CE1893139A42989F485C6EAEF6B62C', '2018-09-15 14:01:34', '95CE1893139A42989F485C6EAEF6B62C');
INSERT INTO `t_serve` VALUES ('4B33E489890F4DDD84A131D92706173E', '围绕太阳', '1', 'https://image.youlian365.com/Fmuby5yhQAszwdEM4oWlZZnVhPir', '1', '1', '100.00', '1', '00:05-02:05', '10', '测试结果显示的时间', '714C03B306E34DA8B926B644A6D936DE', 'EA1653F042B04B9AB1E8543A48C8D86F', '[https://image.youlian365.com/Fmuby5yhQAszwdEM4oWlZZnVhPir,https://image.youlian365.com/FlfnQlTyF1ZgwxbELEUGzBHuUL2H,https://image.youlian365.com/Fmuby5yhQAszwdEM4oWlZZnVhPir,https://image.youlian365.com/FlfnQlTyF1ZgwxbELEUGzBHuUL2H]', '22.78297498914931', '113.8051030815972', '广东省', '0755', '深圳市', '福田区', '1', '广东省深圳市福田区滨河大道靠近皇洲花园', null, null, '0', 'AD2EBD754CCF4EBA8AAF3C407FA2EA2E', '2018-09-15 11:26:31', 'AD2EBD754CCF4EBA8AAF3C407FA2EA2E', '2018-09-15 11:26:31', 'AD2EBD754CCF4EBA8AAF3C407FA2EA2E');
INSERT INTO `t_serve` VALUES ('67C5112539FC4A829D1E127C61BAE0AB', 'demand', '2', 'https://image.youlian365.com/95CE1893139A42989F485C6EAEF6B62C_20180920012915010.jpg', '1', '1', null, '2', '01:24-02:24', '100', 'This is demand', '714C03B306E34DA8B926B644A6D936DE', '5C7489100B264C998135F6BE55390CD4', '[https://image.youlian365.com/95CE1893139A42989F485C6EAEF6B62C_20180920012915010.jpg]', '22.78297498914931', '113.8051030815972', '广东省', '0755', '深圳市', '宝安区', '1', '123', null, null, '0', '95CE1893139A42989F485C6EAEF6B62C', '2018-09-20 01:29:25', '95CE1893139A42989F485C6EAEF6B62C', '2018-09-20 01:29:25', '95CE1893139A42989F485C6EAEF6B62C');
INSERT INTO `t_serve` VALUES ('6B55E4B490E0414B948E43CF22AFCA17', '133', '1', 'https://image.youlian365.com/95CE1893139A42989F485C6EAEF6B62C_20180915140035540.jpg', '1', '1', null, '2', '12:59-13:59', '100', '123', '714C03B306E34DA8B926B644A6D936DE', '1744AA8E39A04489A47272B1D4B5D65B', '[https://image.youlian365.com/95CE1893139A42989F485C6EAEF6B62C_20180915140035540.jpg]', '22.78297498914931', '113.8051030815972', '广东省', '0755', '深圳市', '福田区', '1', '广东省深圳市福田区滨河大道靠近皇洲花园', null, null, '0', '95CE1893139A42989F485C6EAEF6B62C', '2018-09-15 14:00:38', '95CE1893139A42989F485C6EAEF6B62C', '2018-09-15 14:00:38', '95CE1893139A42989F485C6EAEF6B62C');
INSERT INTO `t_serve` VALUES ('70CEBD85AE474BEB8EF29A171BACAC2F', 'fabufuwu', '1', 'https://image.youlian365.com/95CE1893139A42989F485C6EAEF6B62C_09/26 23:32.jpg', '1', '1', null, '2', '23:30-23:32', '100', 'The new version ', '66B07AEF06D44A6DBD40886E9C91E8B4', '6167ACA6D39C481A9121FE4F93EC8D76', '[https://image.youlian365.com/95CE1893139A42989F485C6EAEF6B62C_09/26 23:32.jpg]', '22.782975', '113.805103', '广东省', '0755', '深圳市', '宝安区', '1', '广东省深圳市宝安区鹤洲路靠近振安小学', null, null, '0', '95CE1893139A42989F485C6EAEF6B62C', '2018-09-26 23:32:10', '95CE1893139A42989F485C6EAEF6B62C', '2018-09-26 23:32:10', '95CE1893139A42989F485C6EAEF6B62C');
INSERT INTO `t_serve` VALUES ('7404F335F7A246AC99DBD03FFF16CC08', '1111', '1', 'https://image.youlian365.com/95CE1893139A42989F485C6EAEF6B62C_20180919000540361.jpg', '1', '1', null, '2', '00:05-02:05', '11', '123123', '66B07AEF06D44A6DBD40886E9C91E8B4', 'A3E90824B6014D89BAF15E6316DA5AE3', '[https://image.youlian365.com/95CE1893139A42989F485C6EAEF6B62C_20180919000540361.jpg]', '22.78297498914931', '113.8051030815972', '广东省', '0755', '深圳市', '宝安区', '1', '广东省深圳市宝安区鹤洲路靠近振安小学', null, null, '0', '95CE1893139A42989F485C6EAEF6B62C', '2018-09-19 00:05:40', '95CE1893139A42989F485C6EAEF6B62C', '2018-09-19 00:05:40', '95CE1893139A42989F485C6EAEF6B62C');
INSERT INTO `t_serve` VALUES ('7F3ED648209A4453872F9626C5141DB1', '1', '1', 'https://image.youlian365.com/FtaYAz7vImwkP71E9oTP9qjhe6HO', '1', '1', null, '2', '00:05-02:05', '55', 'Mm', '66B07AEF06D44A6DBD40886E9C91E8B4', 'A3E90824B6014D89BAF15E6316DA5AE3', '[https://image.youlian365.com/FtaYAz7vImwkP71E9oTP9qjhe6HO]', '22.78297498914931', '113.8051030815972', '广东省', '0758', '肇庆市', '广宁县', '1', '广东省肇庆市广宁县靠近坑口卫生院', null, null, '0', '95CE1893139A42989F485C6EAEF6B62C', '2018-09-11 00:27:53', '95CE1893139A42989F485C6EAEF6B62C', '2018-09-11 00:27:53', '95CE1893139A42989F485C6EAEF6B62C');
INSERT INTO `t_serve` VALUES ('84383A5B1C0340B0BCAE16A968EFB497', '这个是需求', '2', 'https://image.youlian365.com/95CE1893139A42989F485C6EAEF6B62C_20180924233958501.jpg', '1', '1', '222.00', '1', '23:36-23:38', '12', '需求的详情', 'A664CC63E7484A15BFDA9CED456AA3F0', '7890D3BA54F94F32B79FFFF62808E951', '[https://image.youlian365.com/95CE1893139A42989F485C6EAEF6B62C_20180924233958501.jpg]', '22.7841011', '113.806266', '广东省', '0769', '东莞市', '长安', '1', '广东省深圳市宝安区鹤洲路靠近振安小学', null, null, '0', '95CE1893139A42989F485C6EAEF6B62C', '2018-09-24 23:41:45', '95CE1893139A42989F485C6EAEF6B62C', '2018-09-24 23:41:45', '95CE1893139A42989F485C6EAEF6B62C');
INSERT INTO `t_serve` VALUES ('8821E305670D45E28F19253BC14257B3', '这个是服务', '1', 'https://image.youlian365.com/95CE1893139A42989F485C6EAEF6B62C_20180924231605787.jpg', '1', '1', '1000.00', '1', '22:59-23:59', '10', '服务描述', '66B07AEF06D44A6DBD40886E9C91E8B4', 'A3E90824B6014D89BAF15E6316DA5AE3', '[https://image.youlian365.com/95CE1893139A42989F485C6EAEF6B62C_20180924231605787.jpg,https://image.youlian365.com/95CE1893139A42989F485C6EAEF6B62C_20180924231608554.jpg]', '22.78297498914931', '113.8051030815972', '广东省', '0755', '深圳市', '宝安区', '1', '测试的地址', null, null, '0', '95CE1893139A42989F485C6EAEF6B62C', '2018-09-24 23:16:09', '95CE1893139A42989F485C6EAEF6B62C', '2018-09-24 23:16:09', '95CE1893139A42989F485C6EAEF6B62C');
INSERT INTO `t_serve` VALUES ('91EB2CF1FA6749DDA6F473FCEDA5AEF3', '123', '1', 'https://image.youlian365.com/95CE1893139A42989F485C6EAEF6B62C_20180926233641.jpg', '1', '1', null, '2', '23:36-23:37', '333', '123123', '66B07AEF06D44A6DBD40886E9C91E8B4', '1C3970418F8740689069364E0DE3FE63', '[https://image.youlian365.com/95CE1893139A42989F485C6EAEF6B62C_20180926233641.jpg]', '22.782975', '113.805103', '广东省', '0755', '深圳市', '宝安区', '1', '广东省深圳市宝安区鹤洲路靠近振安小学', null, null, '0', '95CE1893139A42989F485C6EAEF6B62C', '2018-09-26 23:36:56', '95CE1893139A42989F485C6EAEF6B62C', '2018-09-26 23:36:56', '95CE1893139A42989F485C6EAEF6B62C');
INSERT INTO `t_serve` VALUES ('A1AE5B4E4F2F41BAA4D08B368E1EC15D', 'demand', '2', 'https://image.youlian365.com/95CE1893139A42989F485C6EAEF6B62C_20180920012853406.jpg', '1', '1', null, '2', '01:24-02:24', '100', 'This is demand', '714C03B306E34DA8B926B644A6D936DE', '5C7489100B264C998135F6BE55390CD4', '[https://image.youlian365.com/95CE1893139A42989F485C6EAEF6B62C_20180920012853406.jpg]', '22.78297498914931', '113.8051030815972', '广东省', '0755', '深圳市', '宝安区', '1', '123', null, null, '0', '95CE1893139A42989F485C6EAEF6B62C', '2018-09-20 01:29:25', '95CE1893139A42989F485C6EAEF6B62C', '2018-09-20 01:29:25', '95CE1893139A42989F485C6EAEF6B62C');
INSERT INTO `t_serve` VALUES ('B711DF8904704BEE900BAD8AF7121342', 'xxxxx', '2', 'https://pf30qbr53.bkt.clouddn.com/95CE1893139A42989F485C6EAEF6B62C_20180926235919.jpg', '1', '1', null, '2', '23:58-23:59', '22', 'Xxxx', '714C03B306E34DA8B926B644A6D936DE', '1C4E08F3D1B84DF4AA5E7A9211A54E1D', '[https://pf30qbr53.bkt.clouddn.com/95CE1893139A42989F485C6EAEF6B62C_20180926235919.jpg,https://pf30qbr53.bkt.clouddn.com/95CE1893139A42989F485C6EAEF6B62C_20180926235953.jpg,https://pf30qbr53.bkt.clouddn.com/95CE1893139A42989F485C6EAEF6B62C_20180926235956.jpg]', '22.782985', '113.803405', '广东省', '0755', '深圳市', '宝安区', '1', '广东省深圳市宝安区鹤洲路靠近振安小学', null, null, '0', '95CE1893139A42989F485C6EAEF6B62C', '2018-09-26 23:59:57', '95CE1893139A42989F485C6EAEF6B62C', '2018-09-26 23:59:57', '95CE1893139A42989F485C6EAEF6B62C');
INSERT INTO `t_serve` VALUES ('C0E6911997DA43F0B7A7E6D0C1A60657', 'IT服务站', '1', 'https://image.youlian365.com/95CE1893139A42989F485C6EAEF6B62C_20180926234341.jpg', '1', '1', '54.00', '1', '9:00-11:00', '7', '服务', '714C03B306E34DA8B926B644A6D936DE', '5C7489100B264C998135F6BE55390CD4', '[\"https://image.youlian365.com/95CE1893139A42989F485C6EAEF6B62C_20180926234341.jpg\"]', '22.782975', '113.803405', '广东省', '0755', '深圳市', '福田区', '2', '国际村', '服务', null, '0', '705F2CBCD9434B38B6DC84B7C228FAC5', '2018-10-26 02:21:41', '705F2CBCD9434B38B6DC84B7C228FAC5', '2018-10-26 02:21:41', '705F2CBCD9434B38B6DC84B7C228FAC5');
INSERT INTO `t_serve` VALUES ('C4645FE0887D4928B07233E866EF83C8', '11111', '1', 'https://image.youlian365.com/95CE1893139A42989F485C6EAEF6B62C_20180919002442228.mp4', '1', '1', '1.00', '2', '00:24-01:24', '123', null, '66B07AEF06D44A6DBD40886E9C91E8B4', 'A3E90824B6014D89BAF15E6316DA5AE3', '[https://image.youlian365.com/95CE1893139A42989F485C6EAEF6B62C_20180919002442228.mp4]', '22.78297498914931', '113.8051030815972', '广东省', '0755', '深圳市', '宝安区', '1', '广东省深圳市宝安区鹤洲路靠近振安小学', null, null, '0', '95CE1893139A42989F485C6EAEF6B62C', '2018-09-19 00:24:43', '95CE1893139A42989F485C6EAEF6B62C', '2018-09-19 00:24:43', '95CE1893139A42989F485C6EAEF6B62C');
INSERT INTO `t_serve` VALUES ('C78BC2F250444DC3873A2FFEAA0BD26D', '围绕太阳', '1', 'https://image.youlian365.com/Fmuby5yhQAszwdEM4oWlZZnVhPir', '1', '1', '100.00', '1', '00:05-02:05', '10', '测试结果显示的时间', '714C03B306E34DA8B926B644A6D936DE', 'EA1653F042B04B9AB1E8543A48C8D86F', '[https://image.youlian365.com/Fmuby5yhQAszwdEM4oWlZZnVhPir,https://image.youlian365.com/FlfnQlTyF1ZgwxbELEUGzBHuUL2H]', '22.78297498914931', '113.8051030815972', '广东省', '0755', '深圳市', '福田区', '1', '广东省深圳市福田区滨河大道靠近皇洲花园', null, null, '0', 'AD2EBD754CCF4EBA8AAF3C407FA2EA2E', '2018-09-15 11:26:30', 'AD2EBD754CCF4EBA8AAF3C407FA2EA2E', '2018-09-15 11:26:30', 'AD2EBD754CCF4EBA8AAF3C407FA2EA2E');
INSERT INTO `t_serve` VALUES ('E8F7EC18114E413D9C619F4C92D585C0', 'asd', '1', 'https://image.youlian365.com/95CE1893139A42989F485C6EAEF6B62C_20180923133343293.jpg', '1', '1', null, '2', '13:33-13:35', '4', 'Miasoshua ', '714C03B306E34DA8B926B644A6D936DE', 'EA1653F042B04B9AB1E8543A48C8D86F', '[\'https://image.youlian365.com/95CE1893139A42989F485C6EAEF6B62C_20180923133343293.jpg\',\'https://image.youlian365.com/95CE1893139A42989F485C6EAEF6B62C_20180923133345111.jpg\',\'https://image.youlian365.com/95CE1893139A42989F485C6EAEF6B62C_20180923133347605.jpg\']', '22.78297498914931', '113.8051030815972', '广东省', '0755', '深圳市', '宝安区', '1', '广东省深圳市宝安区鹤洲路靠近振安小学', null, null, '0', '95CE1893139A42989F485C6EAEF6B62C', '2018-09-23 13:33:53', '95CE1893139A42989F485C6EAEF6B62C', '2018-09-23 13:33:53', '95CE1893139A42989F485C6EAEF6B62C');
INSERT INTO `t_serve` VALUES ('EAA77BD9B0AB4EED967FB091C2D2BF14', 'serve', '1', 'https://image.youlian365.com/95CE1893139A42989F485C6EAEF6B62C_20180920010647413.jpg', '1', '1', null, '2', '01:06-01:08', '1', 'This is serve', '714C03B306E34DA8B926B644A6D936DE', '7FCC2EF55CCF4123A44D0ACFE6AD1882', '[https://image.youlian365.com/95CE1893139A42989F485C6EAEF6B62C_20180920010647413.jpg]', '22.78297498914931', '113.8051030815972', '广东省', '0755', '深圳市', '宝安区', '1', '广东省深圳市宝安区鹤洲路靠近振安小学', null, null, '0', '95CE1893139A42989F485C6EAEF6B62C', '2018-09-20 01:06:53', '95CE1893139A42989F485C6EAEF6B62C', '2018-09-20 01:06:53', '95CE1893139A42989F485C6EAEF6B62C');

-- ----------------------------
-- Table structure for t_setting
-- ----------------------------
DROP TABLE IF EXISTS `t_setting`;
CREATE TABLE `t_setting` (
  `pk_id` varchar(255) NOT NULL,
  `c_key` varchar(255) NOT NULL,
  `c_value` text NOT NULL,
  `c_open` tinyint(1) NOT NULL DEFAULT '0',
  `c_description` varchar(255) DEFAULT NULL,
  `c_createBy` varchar(255) NOT NULL,
  `c_createDate` datetime NOT NULL,
  `c_updateBy` varchar(255) NOT NULL,
  `c_updateDate` datetime NOT NULL,
  PRIMARY KEY (`pk_id`)
) ENGINE=InnoDB DEFAULT CHARSET=utf8;

-- ----------------------------
-- Records of t_setting
-- ----------------------------
INSERT INTO `t_setting` VALUES ('014EE42C8D8A41A5A8FE4589624C0285', 'AMAP.ACCESS.KEY', '04ab798966c3cf0e70eb164e949e0304', '0', '高德地图key', '00DBE73A79A74B4DAE47A7B8B444408B', '2018-08-06 01:51:00', '00DBE73A79A74B4DAE47A7B8B444408B', '2018-08-06 01:51:00');
INSERT INTO `t_setting` VALUES ('13D3D21408144116B2C2144C84688A6E', 'ALIPAY.PAY.PRIVATE.KEY', 'MIIEvQIBADANBgkqhkiG9w0BAQEFAASCBKcwggSjAgEAAoIBAQDHJLmrffEHoW8E+UpLlt7N6XThxamr16qF6B4tkxj2FmTxhygyA+oyxwaiow0TmzIRDMAXD3vsc464EHm94DWkskulqC0ub78zOy3aTihF9aFQwxnpYQ7QDNhOCB2ipuH5ssnJtDBgc0GtA9Fo8gu8hxXVO2f/hoWhkSPYB05sWWnoZsU9JH2iqD4BUbY4JctOt/6SklXFxMVyp1dQUZpQBUlFlhT3zoWaMj+5ha1ftOcGy2bumGMCxEH0uMPUu9Y0/Wu65FvT4r2jbO/Z1wwJk9esBv7XUVBb8TU5LIGQd8Igp+OkACpwiPlN3Y5qniTjogmoy4bC3XZllcf5a66rAgMBAAECggEBAJD7ktVgpnc4t5v2ZnmryGA/RCIPBx0dsX8146qoejbHTQxuqvvmz73SGmmTrbSFe6jgEIV5d25JHzGwhQGQ110llV9wlhxFrPz+a76Qwk9UqfIjaJz5VZBwmZYN4I2HU+O3n6NitQmzP7BXpED0X0kNS/7m9isZY/ahtWfUweqs0WGtpaED8/LreywJr8E9ypNN31A+lacZTFdO9w5J+KlQCJ66iEjS4cYNDmMAO11xo29pdgyUeyiVbGwrJ85hDgZxK/4+PVkxEHf5LBhbahpz1XckEYOojd5NLbqF6TmCLVxLUgA04RSH1fwWzm/8jVwiPKeWer7tLM+WgbXSzMkCgYEA4stDNZYj6JP4rCCAayvAvEtKgXnKzpRbV8WlcLrSQvNIuMfv2AZ17YJzVwQMGsTtTpOwCeJZHvE25SF1B9XXXVxd7pH5qg+zRn622szkfUJGHxVkWmmW72vU3jJOgmRqhAVGSEBbh7dRPSdNH6fhzweWcphxAqWL1IK46EEfSG0CgYEA4Mnns/OBLOIXcDqZCFRzB/qT5XbV7e6BYJS4z6PdqP7ZTUuvkYVvm8jWZt2VWlK6PdwWToi/rCFjRVkwBZ9Ub3Lci4P0s/2dVbYYLX94Mm4DQUGiMYY+BCpTP9ruhgpNFhxSanmslI0erPunGUTwMLSrsJftF48twrfqk1jKlHcCgYBH9WpbxEmcb+bE5oMYfgdnNxRqxHP+27+nt8RoYj54k6yNRJLrHhGozG1APL6Cd907w0xltnXEhZB/XwA8/jKZIseC/LoUpWqigW4POld9Dtwk3Kq8rSgAy1v9LEUQxj+tp+bG4fSouReDqcaktqXFBIlNzuR8jH4zbU6yEoeUeQKBgBbQBsa5cKOYcl5+Y+d3gpENuhKwg7d43AJsNXFFJQqwimcQxkmTbCc4M6IO3Mhk2ufKPS1NLX6PiN6R1ZDMgaop0v4JrzzRATWgnEWJyS39AjGOMqKqCAMuNHKniktqIjabOzX5ES2mQLW3eFbVKzcWLtJmKLaaXj+DoLfBbBWzAoGAI4yOC4tKpLyBfYVapU+K3UkS25Fi1j3gH0v0zHAFYQ2vuVgx2geBPkeeeQZdTLsn+vYKNLIhwVfBERdUzZ8ZAa05ghqIr5NYfIeK3HYYZO2xXvZqu3UXv6sCuQyCkDJkl274gE/+VQyGemQNQ7mCW9sbhvbU4flgDzfoIMhz/M4=', '0', '商户应用私钥', '00DBE73A79A74B4DAE47A7B8B444408B', '2019-01-20 15:58:43', '00DBE73A79A74B4DAE47A7B8B444408B', '2019-01-21 22:30:29');
INSERT INTO `t_setting` VALUES ('2DA388BC792148E6A6C0023CD748F825', 'ALIPAY.PAY.APPID', '2016092200573028', '0', '支付宝APPID', '00DBE73A79A74B4DAE47A7B8B444408B', '2019-01-20 15:55:00', '00DBE73A79A74B4DAE47A7B8B444408B', '2019-01-20 15:55:00');
INSERT INTO `t_setting` VALUES ('36DE28F7E1C74705B97CA6095211572B', 'JPUSH.ACCESS.KEY', '69c03a16b6e8b8548beffc33', '0', '极光APPID', '00DBE73A79A74B4DAE47A7B8B444408B', '2019-01-02 21:57:12', '00DBE73A79A74B4DAE47A7B8B444408B', '2019-01-02 21:57:12');
INSERT INTO `t_setting` VALUES ('4A601BB59A5D4250B2AF0B20CF0CE82F', 'ALIPAY.PAY.USESANDBOX', 'true', '0', '支付宝支付是否使用沙箱环境，切换环境时请同时更换相应的签名', '00DBE73A79A74B4DAE47A7B8B444408B', '2019-01-21 00:30:57', '00DBE73A79A74B4DAE47A7B8B444408B', '2019-01-21 00:30:57');
INSERT INTO `t_setting` VALUES ('5DED9925BC3049D187816923032B3532', 'WX.PAY.MCHID', '1507462811', '0', '商户平台ID', '00DBE73A79A74B4DAE47A7B8B444408B', '2019-01-06 20:15:02', '00DBE73A79A74B4DAE47A7B8B444408B', '2019-01-06 20:15:02');
INSERT INTO `t_setting` VALUES ('6449F151F89E486A8FBEF6E76DB9FC69', 'WX.PAY.APPID', 'wx39b7858193d3af29', '0', '微信支付APPID', '00DBE73A79A74B4DAE47A7B8B444408B', '2019-01-06 20:14:28', '00DBE73A79A74B4DAE47A7B8B444408B', '2019-01-06 20:14:28');
INSERT INTO `t_setting` VALUES ('6685A59DBD7D44A98B3BC5E19DC50693', 'ALIPAY.PAY.PUBLIC.KEY', 'MIIBIjANBgkqhkiG9w0BAQEFAAOCAQ8AMIIBCgKCAQEA7mUG2lX2M2bgjnIcRcFLhS+gM+AQ/Vz3BklgZ1DQb43jh1j/sxvzfktzEm4Tesk+5oS+4qk21W5FFM3z0lep3Qx1tDP3cnBqzgHXsSQlyeMND/9PETiMZ3Dvjp/umIEnM1DePg2eSl7tqxaFyKUu++ceJ96/KI2fFRPxPcbfflbMQP71lxZYqQQBkqlw7KmPS7blGX7rNTWAakgNh/P2U23+fLQgKmMsciOBV1rLI4TVoRJCA3OuKnQrKHpI56xQ0ymXOuaTpeu4dxvYNEz2cAQvn9KFGOS2W1/mWqOBCZKLmM3aMIos8Wc3YdW5zQ3ZPh8OPGqxK+PxO8SPzilFZQIDAQAB', '0', '支付宝应用公钥', '00DBE73A79A74B4DAE47A7B8B444408B', '2019-01-20 15:59:32', '00DBE73A79A74B4DAE47A7B8B444408B', '2019-01-21 22:28:24');
INSERT INTO `t_setting` VALUES ('8F18B2E5FCD3499880FB9F0C068EBEC3', 'ALIPAY_PAY_UID', '2088102176820847', '0', '支付宝商户ID', '00DBE73A79A74B4DAE47A7B8B444408B', '2019-01-20 15:55:42', '00DBE73A79A74B4DAE47A7B8B444408B', '2019-01-20 15:55:42');
INSERT INTO `t_setting` VALUES ('9A9CF36D197B4DCD8D89036DC73062FB', 'QINIU.ACCESS.KEY', 'qa0Htpv-EsRocry1a9j2XZwejzhz-bx1B2JwzTYZ', '1', '七牛上传key，后期可动态配置。', '00DBE73A79A74B4DAE47A7B8B444408B', '2018-05-25 00:18:48', '00DBE73A79A74B4DAE47A7B8B444408B', '2018-05-25 00:35:40');
INSERT INTO `t_setting` VALUES ('9F0CB3869359439D9F7A0550B4A7DCDE', 'SECRET.APP.KEY', 'i239D9SA82AOD9F2JASDK92ODKS2S', '0', '移动端登陆生成token认证key', '00DBE73A79A74B4DAE47A7B8B444408B', '2018-05-25 00:34:29', '00DBE73A79A74B4DAE47A7B8B444408B', '2018-05-25 03:00:38');
INSERT INTO `t_setting` VALUES ('ACE197135C7D4794823F60B8BC1FE3FD', 'WX.PAY.USESANDBOX', 'false', '0', '微信支付是否使用沙箱环境，切换环境时请同时更换相应的签名', '00DBE73A79A74B4DAE47A7B8B444408B', '2019-01-21 00:31:53', '00DBE73A79A74B4DAE47A7B8B444408B', '2019-01-23 20:09:26');
INSERT INTO `t_setting` VALUES ('B5AFAC570ED041BF904C4E90C0BC3E64', 'SYSTEM.ADMIN.DOMAIN', 'http://wy-168.com', '0', '后台系统文件Url地址', '00DBE73A79A74B4DAE47A7B8B444408B', '2018-06-28 23:52:48', '00DBE73A79A74B4DAE47A7B8B444408B', '2019-01-23 20:19:05');
INSERT INTO `t_setting` VALUES ('CC7163C218C946A5B34AEE73376005A6', 'SECRET.ADMIN.KEY', '389DS99SO2S32DFOW92046DIVKOOO', '0', '后台登陆生成token认证key', '00DBE73A79A74B4DAE47A7B8B444408B', '2018-05-25 00:33:52', '00DBE73A79A74B4DAE47A7B8B444408B', '2018-05-29 01:38:33');
INSERT INTO `t_setting` VALUES ('EC319306D54F4751BE235D2322F5B249', 'WX.PAY.SECRET.KEY', 'ZXCVBNM12345678asdfghjklQWERTYUI', '0', '商户平台key', '00DBE73A79A74B4DAE47A7B8B444408B', '2019-01-06 20:16:37', '00DBE73A79A74B4DAE47A7B8B444408B', '2019-01-16 22:43:57');
INSERT INTO `t_setting` VALUES ('EF8E6D7F9B1640188C2041837B4C96B5', 'JPUSH.ACCESS.SECRET', '040f725e8a3f549d09632514', '0', '极光secretKey', '00DBE73A79A74B4DAE47A7B8B444408B', '2019-01-02 21:57:41', '00DBE73A79A74B4DAE47A7B8B444408B', '2019-01-02 21:57:41');
INSERT INTO `t_setting` VALUES ('F582EC0CC0F34941A7E86220F2A1C1FB', 'JUHE.ACCESS.PERSONCARD.KEY', '02b1201f0adcab5f811c13eb8a2c4829', '0', '聚合证件认证key', '00DBE73A79A74B4DAE47A7B8B444408B', '2018-11-12 00:04:07', '00DBE73A79A74B4DAE47A7B8B444408B', '2018-11-12 00:04:33');

-- ----------------------------
-- Table structure for t_tip
-- ----------------------------
DROP TABLE IF EXISTS `t_tip`;
CREATE TABLE `t_tip` (
  `pk_id` varchar(255) NOT NULL,
  `c_name` varchar(255) NOT NULL,
  `c_typ` varchar(255) NOT NULL,
  `c_content` text NOT NULL,
  `c_createDate` datetime NOT NULL,
  `c_createBy` varchar(255) NOT NULL,
  `c_updateDate` datetime NOT NULL,
  `c_updateBy` varchar(255) NOT NULL,
  PRIMARY KEY (`pk_id`)
) ENGINE=InnoDB DEFAULT CHARSET=utf8;

-- ----------------------------
-- Records of t_tip
-- ----------------------------

-- ----------------------------
-- Table structure for t_token
-- ----------------------------
DROP TABLE IF EXISTS `t_token`;
CREATE TABLE `t_token` (
  `pk_id` varchar(255) NOT NULL,
  `c_userId` varchar(255) NOT NULL,
  `c_issuer` varchar(255) DEFAULT NULL,
  `c_subject` varchar(255) DEFAULT NULL,
  `c_secretKey` varchar(255) NOT NULL,
  `c_access_token` varchar(255) NOT NULL,
  `c_old_token` varchar(255) DEFAULT NULL,
  `c_extendDate` datetime DEFAULT NULL,
  `c_expires` datetime NOT NULL,
  `c_sessionDate` datetime DEFAULT NULL,
  `c_createDate` varchar(255) NOT NULL,
  `c_createBy` varchar(255) NOT NULL,
  `c_username` varchar(255) DEFAULT NULL,
  PRIMARY KEY (`pk_id`)
) ENGINE=InnoDB DEFAULT CHARSET=utf8;

-- ----------------------------
-- Records of t_token
-- ----------------------------
INSERT INTO `t_token` VALUES ('3EDDD75605CB4ACF8F70C4F29F1644A8', '9AC7C968B2424AC0B7C6993D4191A891', 'NETJOB', 'app', 'i239D9SA82AOD9F2JASDK92ODKS2S', 'eyJhbGciOiJIUzI1NiJ9.eyJqdGkiOiIzRURERDc1NjA1Q0I0QUNGOEY3MEM0RjI5RjE2NDRBOCIsImV4cCI6MTU0MTk2MjUwMywic3ViIjoiYXBwIiwiaXNzIjoiTkVUSk9CIn0._MRF5DtUtk8YbT3JfiVkIDE04NAGUy4Bkq8YZSZwJoA', null, '2018-11-12 01:00:04', '2018-11-12 02:55:04', '2018-11-19 00:58:16', '2018-11-12 00:55:03.769', '9AC7C968B2424AC0B7C6993D4191A891', '大勇');
INSERT INTO `t_token` VALUES ('527514AB0E95467DB1ADC7BA6DF7455B', '00DBE73A79A74B4DAE47A7B8B444408B', 'NETJOB', 'admin', '389DS99SO2S32DFOW92046DIVKOOO', 'eyJhbGciOiJIUzI1NiJ9.eyJqdGkiOiI1Mjc1MTRBQjBFOTU0NjdEQjFBREM3QkE2REY3NDU1QiIsImV4cCI6MTU0ODI1MjU1Niwic3ViIjoiYWRtaW4iLCJpc3MiOiJORVRKT0IifQ.sQbcsYGfN8CIvtKFq3rIUUQ1_xvCrVqpPFkiAKVTVIQ', null, '2019-01-23 20:14:17', '2019-01-23 22:09:17', '2019-01-23 22:19:05', '2019-01-23 20:09:16.996', '00DBE73A79A74B4DAE47A7B8B444408B', 'yong');
INSERT INTO `t_token` VALUES ('8439F2E6DFF54A20848C525000A82B89', 'C61D2F7615844438A949762BDC4608B0', 'NETJOB', 'app', 'i239D9SA82AOD9F2JASDK92ODKS2S', 'eyJhbGciOiJIUzI1NiJ9.eyJqdGkiOiI4NDM5RjJFNkRGRjU0QTIwODQ4QzUyNTAwMEE4MkI4OSIsImV4cCI6MTU0MTk2MjQ5NCwic3ViIjoiYXBwIiwiaXNzIjoiTkVUSk9CIn0.cmvZbtUT3IiU9rTcZ1QtgLnISZNjmbfW4Np-2q75iyY', null, '2018-11-12 00:59:54', '2018-11-12 02:54:54', '2018-11-19 00:54:54', '2018-11-12 00:54:54.574', 'C61D2F7615844438A949762BDC4608B0', '大勇');
INSERT INTO `t_token` VALUES ('901E0D06C47D49B2A6A0A8B0F8EB2B0E', '705F2CBCD9434B38B6DC84B7C228FAC5', 'NETJOB', 'app', 'i239D9SA82AOD9F2JASDK92ODKS2S', 'eyJhbGciOiJIUzI1NiJ9.eyJqdGkiOiI5MDFFMEQwNkM0N0Q0OUIyQTZBMEE4QjBGOEVCMkIwRSIsImV4cCI6MTU1MzEwODc4OCwic3ViIjoiYXBwIiwiaXNzIjoiTkVUSk9CIn0.wdKRygWjdD_oz-qaADnsVq4dmnzq9Q2u1SbAWRin7Pc', null, '2019-03-21 01:11:28', '2019-03-21 03:06:28', '2019-03-28 01:06:39', '2019-03-21 01:06:28.327', '705F2CBCD9434B38B6DC84B7C228FAC5', '大勇改名咯');
INSERT INTO `t_token` VALUES ('ABBAC2311BF14FA98249E50586B33039', '95CE1893139A42989F485C6EAEF6B62C', 'NETJOB', 'app', 'i239D9SA82AOD9F2JASDK92ODKS2S', 'eyJhbGciOiJIUzI1NiJ9.eyJqdGkiOiJBQkJBQzIzMTFCRjE0RkE5ODI0OUU1MDU4NkIzMzAzOSIsImV4cCI6MTU1MzM2NzkyMywic3ViIjoiYXBwIiwiaXNzIjoiTkVUSk9CIn0.Z6br8QgxcVV5-qAAEe-pvLzSetZIRK51KLMEaBHr2is', null, '2019-03-24 01:10:23', '2019-03-24 03:05:23', '2019-03-31 02:08:57', '2019-03-24 01:05:23.356', '95CE1893139A42989F485C6EAEF6B62C', 'app works well ');

-- ----------------------------
-- Table structure for t_user
-- ----------------------------
DROP TABLE IF EXISTS `t_user`;
CREATE TABLE `t_user` (
  `pk_id` varchar(255) NOT NULL,
  `c_name` varchar(100) NOT NULL,
  `c_password` varchar(255) NOT NULL,
  `c_province` varchar(20) DEFAULT NULL,
  `c_citycode` varchar(20) DEFAULT NULL,
  `c_province_name` varchar(255) DEFAULT NULL,
  `c_city_name` varchar(255) DEFAULT NULL,
  `c_email` varchar(255) DEFAULT NULL,
  `c_realName` varchar(100) DEFAULT NULL,
  `c_phone` varchar(50) DEFAULT NULL,
  `c_level` int(2) NOT NULL DEFAULT '1',
  `c_image` varchar(255) DEFAULT NULL,
  `c_status` int(2) NOT NULL,
  `c_logins` int(255) DEFAULT NULL,
  `c_createDate` datetime NOT NULL,
  `c_createBy` varchar(100) NOT NULL,
  `c_isAdmin` varchar(2) DEFAULT NULL,
  PRIMARY KEY (`pk_id`)
) ENGINE=InnoDB DEFAULT CHARSET=utf8;

-- ----------------------------
-- Records of t_user
-- ----------------------------
INSERT INTO `t_user` VALUES ('00DBE73A79A74B4DAE47A7B8B444408B', 'yong', 'e10adc3949ba59abbe56e057f20f883e', null, null, null, null, '412536658@qq.com', '李小勇', '18576630485', '1', 'file/member/20180513/yGWx1526149175522.jpg', '1', '214', '2017-07-13 00:21:55', '00DBE73A79A74B4DAE47A7B8B444408B', '1');
INSERT INTO `t_user` VALUES ('43A0D721F37E4D0B8B0D9FA3E74C6349', 'bo', 'e10adc3949ba59abbe56e057f20f883e', null, null, null, null, '412536658@qq.com', '罗庆波', '18576630486', '1', null, '1', '1', '2018-10-17 23:50:22', '43A0D721F37E4D0B8B0D9FA3E74C6349', '0');
INSERT INTO `t_user` VALUES ('74A6C916BE2C4BA3A93920AF11BF3664', 'bing', 'e10adc3949ba59abbe56e057f20f883e', '410000', '0393', '广东省', '濮阳市', '412536658@qq.com', '邓立兵', '18576630486', '2', null, '1', '7', '2018-10-17 23:38:53', '74A6C916BE2C4BA3A93920AF11BF3664', '0');
INSERT INTO `t_user` VALUES ('DEB5276AF9CA4DE19315A042B99AC8E0', 'ming', 'e10adc3949ba59abbe56e057f20f883e', '440000', '0755', '广东省', '深圳市', '412536658@qq.com', '陈东明', '18576630486', '2', null, '1', '39', '2018-10-18 01:01:58', 'DEB5276AF9CA4DE19315A042B99AC8E0', '0');

-- ----------------------------
-- Table structure for t_user_role
-- ----------------------------
DROP TABLE IF EXISTS `t_user_role`;
CREATE TABLE `t_user_role` (
  `pk_id` varchar(255) NOT NULL,
  `c_userId` varchar(255) NOT NULL,
  `c_roleId` varchar(255) NOT NULL,
  PRIMARY KEY (`pk_id`)
) ENGINE=InnoDB DEFAULT CHARSET=utf8;

-- ----------------------------
-- Records of t_user_role
-- ----------------------------
INSERT INTO `t_user_role` VALUES ('1D1C2F8B80C849839F62240C59AE83D4', 'DEB5276AF9CA4DE19315A042B99AC8E0', '16ED888193B04FC5A39D65CC9BCD6934');
INSERT INTO `t_user_role` VALUES ('7955CF1B3AB049E1B4324CB1C1DA1E24', '74A6C916BE2C4BA3A93920AF11BF3664', '16ED888193B04FC5A39D65CC9BCD6934');
